Code,Name,LHD/RHD,Brand,Year,Photo,Release
,Honda Civic Type R (FK8) Championship White,LHD,Honda,January2018,Credit: Marvin Sabangan /Nurnberg Spielzeugmesse Limited to 100 pcs,
,Honda Civic Type R (FK8) Championship White,RHD,Honda,November2018,Indonesia Diecast Expo Limited to 15 pcs,
19OEM04,Honda Civic Type R - Team Liquid,LHD,Honda,2019,OEM,
MGT00001,Honda Civic Type R (FK8) Championship White,LHD/RHD,Honda,2018,,
MGT00002,Honda Civic Type R (FK8) Aegean Blue Metallic,LHD/RHD,Honda,2018,,
MGT00003,"LB★WORKS Nissan GT-R (R35) Matte Grey Type 1, Rear Wing ver 1",LHD/RHD,LB Works,2018,,
MGT00004,"LB★WORKS Nissan GT-R (R35) Light Blue Type 1, Rear Wing ver 2",LHD/RHD,LB Works,2018,,
MGT00005,"LB★WORKS Nissan GT-R (R35) Black w/ Copper Wheel Type 1, Rear Wing ver 1+2",LHD/RHD,LB Works,2020,,
MGT00006,"LB★WORKS Nissan GT-R (R35) Zero Fighter Special Type 1, Rear Wing ver 2",RHD,LB Works,2018,Hong Kong Exclusive,
MGT00007,"LB★WORKS Nissan GT-R (R35) Zero Fighter Special Type 1, Rear Wing ver 1",RHD,LB Works,2018,Hong Kong Exclusive,
MGT00008,Honda Civic Type R (FK8) Phoenix Yellow,LHD,Honda,2019,Mijo / USA Exclusive,
MGT00009,"LB★WORKS Nissan GT-R (R35) Matte White Type 1, Rear Wing Ver 1",LHD/RHD,LB Works,2019,,
MGT00010,Honda Civic Type R (FK8) Championship White Modulo Edition,LHD/RHD,Honda,2019,,
MGT00011,Honda Civic Type R (FK8) Crystal Black Modulo Edition,RHD,Honda,2019,Malaysia Exclusive,
MGT00012,Honda Civic Type R (FK8) Rallye Red,LHD/RHD,Honda,2019,,
MGT00013,McLaren Senna Victory Grey,LHD/RHD,McLaren,2018,,
MGT00014,Toyota Supra (JZA80) Super White,LHD/RHD,Toyota,2019,,
MGT00015,Honda Civic Type R (FK8) Crystal Black,LHD/RHD,Honda,2019,,
MGT00016,Honda NSX GT3 #84 2017 Macau GP Honda Racing,LHD,Honda,2019,Hong Kong Exclusive,
MGT00017,Honda Civic Type R (FK8) Aegean Blue Modulo Edition,LHD/RHD,Honda,2019,,
MGT00018,McLaren Senna Mira Orange,LHD/RHD,McLaren,2019,,
MGT00019,McLaren Senna White,RHD,McLaren,2019,Hong Kong Exclusive / Hong Kong ToySoul Show,
MGT00020,McLaren Senna Onyx Black,LHD/RHD,McLaren,2019,,
MGT00021,Honda  Civic Type R (FK8) Rallye Red Modulo Edition,RHD,Honda,2019,Indonesia Exclusive /Chase,
MGT00022,Honda Civic Type R (FK8) ADAC TCR Germany Safety Car,LHD,Honda,2019,Indonesia Exclusive /Chase,
MGT00023,"Honda Civic Type R (FK8) ""Customer Racing Study""",LHD,Honda,2019,,
MGT00024,"Honda Civic Type R (FK8) ""Time Attack 2018""",LHD,Honda,2019,,
MGT00025,Honda NSX GT3 Presentation,LHD,Honda,2019,,
MGT00026,Acura NSX GT3 Los Angeles Auto Show 2017,LHD,Honda,2019,,
MGT00027,NSX GT3 2019 MINI GT Gift Car,LHD,Honda,2019,2019 Gift Car /Blister Package1200pcs,
MGT00028,Honda Civic Type R (FK8) Slate Grey w/ TE37 Wheel,LHD,Honda,2019,Taiwan Exclusvie,
MGT00029,"LB★WORKS Nissan GT-R (R35) AEON Type 1, Rear Wing ver 1",RHD,LB Works,2019,Hong Kong Exclusive,
MGT00030,"LB★WORKS Nissan GT-R (R35) Satin Gold Type 1, Rear Wing ver 2",LHD,LB Works,2019,Mijo / USA Exclusive,
MGT00031,"LB★WORKS Nissan GT-R (R35) Matte Black Type 1, Rear Wing ver 1",LHD,LB Works,2019,Mijo / USA Exclusive,
MGT00032,"LB★WORKS Nissan GT-R (R35) Magic Bronze Type 1, Rear Wing ver 2",RHD,LB Works,2019,Hong Kong Exclusive,
MGT00033,"LB★WORKS Nissan GT-R (R35) Magic Bronze Type 1, Rear Wing ver 1",RHD,LB Works,2019,Hong Kong Exclusive,
MGT00034,"LB★WORKS Nissan GT-R (R35) Candy Blue Type 1, Rear Wing ver 1",LHD,LB Works,2019,Mijo / USA Exclusive,
MGT00035,"LB★WORKS Nissan GT-R (R35) Magic Grey Type 1, Rear Wing ver 2",LHD,LB Works,2019,China Exclusive,
MGT00036,Honda NSX GT3 Tokyo Auto Salon 2018,LHD,Honda,2019,Japan Exclusive,
MGT00037,Honda Civic Type R (FK8) ArtCar Manga - 2018 Paris Autoshow,LHD,Honda,2019,,
MGT00038,Pagani Huayra Roadster Blue Francia,LHD/RHD,Pagani,2019,,
MGT00039,"LB★WORKS Nissan GT-R (R35) Magic Purple Type 1, Rear Wing ver 2",RHD,LB Works,2019,Japan Exclusive,
MGT00040,"LB★WORKS Nissan GT-R (R35) Satin Gold w/ Carbon Type 1, Rear Wing ver 2",RHD,LB Works,2019,Japan Exclusive / 2019 Shizuoka Hobby Show,
MGT00041,BMW M3 (E30) Alpine White,LHD/RHD,BMW,2019,,
MGT00042,,,,,File:MGT00042.jpg,
MGT00043,BMW M3 Henna Red,LHD/RHD,BMW,2020,,
MGT00044,,,,,File:MGT00044.jpg,
MGT00045,Toyota Supra (JZA80) Black,LHD/RHD,Toyota,2020,,
MGT00046,Toyota Supra (JZA80) Renaissance Red,LHD/RHD,Toyota,2019,,
MGT00047,Acura NSX GT3 NY Autoshow 2016,LHD,Acura,2019,Mijo / USA Exclusive,
MGT00048,Acura NSX GT3 Gulf Racing,LHD,Acura,2019,Mijo / USA Exclusive,
MGT00049,"LB★WORKS Nissan GT-R (R35) Satin Silver Type 1, Rear Wing Version 2",LHD/RHD,LB Works,2019,,
MGT00050,Pagani Huayra Roadster Rosso Monza,LHD/RHD,Pagani,2019,,
MGT00051,Honda NSX GT3 #30 2018 24 Hours of Spa,LHD,Honda,2019,,
MGT00052,"Acura NSX GT3 #86 ""Uncle Sam"" 2017 IMSA Watkins Glen",LHD,Acura,2019,,
MGT00053,Pagani Huayra Roadster White w/ Carbon Red Stripe,RHD,Pagani,2019,Hong Kong Exclusive,
MGT00054,"LB★WORKS Nissan GT-R (R35) ""WearItPink"" Breast Cancer Awareness Type 1, Rear Wing ver 1",RHD,LB Works,2019,Malaysia Exclusive,
MGT00055,BMW M3 (E30) #6 Watson's Team Schnitzer 1991 Guia Race of Macau / Winner,LHD,BMW,2019,Hong Kong Exclusive,
MGT00056,BMW M3 (E30) #42 1991 Deutsche Tourenwagen Meisterschaft,LHD,BMW,2019,Hong Kong Exclusive,
MGT00057,LB★WORKS Lamborghini Aventador Light Blue,LHD/RHD,Lamborghini,2020,,
MGT00058,LB★WORKS Lamborghini Aventador Black,LHD/RHD,LB Works,2019,Cancelledby MINI GT after products shipped worldwide.,
MGT00059,Honda Civic Type R (FK8) 2018 Indonesia Motor Show,RHD,Honda,2019,Indonesia Exclusive  /Chase,
MGT00063,Porsche 991 Turbo GT2RS Weissach Package GT Silver Metallic,LHD/RHD,Porsche,2019,,
MGT00064,"LB★WORKS Nissan GT-R (R35) White Type 1 , Rear Wing ver 1+2",LHD/RHD,LB Works,2019,,
MGT00065,Honda Civic Type R (FK8) Championship white w/ Carbon Kit & TE37 Wheel,LHD/RHD,Honda,2019,,
MGT00066,"LB★WORKS Nissan GT-R (R35) Cosmics Malaysia Type 1, Rear Wing ver 1+2",RHD,LB Works,2019,Malaysia Exclusive,
MGT00067,"LB★WORKS Nissan GT-R (R35) Light Green Type 1, Rear Wing ver 1",LHD,LB Works,2019,Phillipines Exclusive,
MGT00068,"LB★WORKS Nissan GT-R (R35) White Type 2, Rear Wing ver 3",LHD/RHD,LB Works,2020,,
MGT00069,"LB★WORKS Nissan GT-R (R35) Metallic Brown Type 2, Rear Wing ver 3",RHD,LB Works,2019,Indonesia Exclusive / Indonesia IDE 2019,
MGT00070,"LB★WORKS Nissan GT-R (R35) Gudang Garam Intersport Type 2, Rear Wing ver 3",RHD,LB Works,2020,Indonesia Exclusive,
MGT00071,"LB★WORKS Nissan GT-R (R35) White w/ Red Wheels Type 1, Rear Wing ver 1+2",RHD,LB Works,2018,"Toys""R""Us Japan Exclusive/Website Unlisted",
MGT00072,"Acura NSX GT3 #93 ""Statue of Liberty"" 2017 IMSA Watkins Glen",LHD,Acura,2019,,
MGT00073,LB★WORKS Nissan GT-R (R35) Magic Purple w/ Carbon Fiber,RHD,LB Works,2018,"Toys""R""Us Japan Exclusive/Website Unlisted",
MGT00074,"LB★WORKS Nissan GT-R (R35) ADVAN Type 2, Rear Wing ver 3",RHD,LB Works,2019,"Toys""R""Us Japan Exclusive",
MGT00075,"LB★WORKS Nissan GT-R (R35) Black / LB Work Livery 2.0 Type 1, Rear Wing ver 1",RHD,LB Works,2019,LB Works Exclusive,
MGT00076,"LB★WORKS Nissan GT-R (R35) Pink Pig Type 2, Rear Wing ver 3",LHD/RHD,LB Works,2019,,
MGT00077,"LB★WORKS Nissan GT-R (R35) Candy Red Type 1, Rear Wing ver 1+2",LHD/RHD,LB Works,2020,,
MGT00078,Pagani Huayra Roadster Arancio Saint Tropez,LHD/RHD,Pagani,2019,,
MGT00081,McLaren Senna Orange / White,LHD/RHD,McLaren,2019,,
MGT00082,"LB★WORKS Nissan GT-R (R35) Candy Red w/ Carbon Fiber Type 1, Rear Wing ver 1+2",RHD,LB Works,N/A,"Toys""R""Us Japan Exclusive/Website Unlisted",
MGT00083,,,,,,
MGT00084,LB★WORKS Nissan GT-R Black Chrome,LHD,LB Works,N/A,Website Unlisted/ NFS,
MGT00085,"LB★WORKS Nissan GT-R (R35) Magic Pearl Type 1, Rear Wing ver 1",LHD,LB Works,2020,Taiwan Exclusive,
MGT00086,Porsche 911 GT2 RS Weissach Package White,LHD/RHD,Porsche,2020,,
MGT00087,Nissan GT-R (R32) Black w/ BBS LM Wheel,RHD,Nissan,2020,,
MGT00088,Bentley Continental GT Passion Pink,LHD,Bentley,2020,2020 Gift Car,
MGT00089,BMW M3 (E30) #1 Macau Guia Race 1992 Winner,LHD,BMW,2020,Hong Kong Exclusive,
MGT00090,EVA RT Test Type-01 X Works GT-R #33 - Super GT Series 2019,LHD,Nissan,2020,MINI GT x POP Race /Website Unlisted,
MGT00091,Eva RT Test Type-01 X Works GT-R #33 Test Car SUPER GT GT300 2019,LHD,Nissan,2020,MINI GT x POP Race,
MGT00092,Pandem Nissan GT-R (R35) Lava Red GT Wing,LHD/RHD,Pandem,2019,,
MGT00093,Pandem Nissan GT-R (R35) Velocity Blue Duck Tail,LHD/RHD,Pandem,2019,,
MGT00094,Bentley Continental GT 2018 Sequin Blue,LHD/RHD,Bentley,2020,,
MGT00095,Honda Civic Type R (FK8) Blitz Type R White,RHD,Honda,2020,,
MGT00096,Pandem Nissan GT-R (R35) Metallic Blue GT Wing,RHD,Pandem,2020,Japan Exclusive,
MGT00097,Honda Civic Type R (FK8) HKS Black,RHD,Honda,2020,,
MGT00098,Pandem Nissan GT-R (R35) GT Wing ROCAF Malataw Fighter,LHD,Pandem,2020,Taiwan Exclusive,
MGT00099,Pandem Nissan GT-R (R35) Duck Tail ROCAF Malataw Fighter,LHD,Pandem,2020,Taiwan Exclusive,
MGT00100,,,,,File:MGT00100.jpg,
MGT00101,Honda Civic Type R HKS 2018 Time Attack,LHD,Honda,2020,,
MGT00102,Nissan GT-R R32 Gr. A #87 HKS 1992 Group A.,RHD,Nissan,2020,,
MGT00103,Nissan Skyline GT-R (R32) Gr. A #87 HKS 1993 Japan Touringcar Championship,RHD,Nissan,2020,,
MGT00104,Nissan Skyline GT-R (R32) Gr. A #12 Calsonic 1993 Japan Touringcar Championship,RHD,Nissan,2020,,
MGT00105,Nissan Skyline GT-R (R32) Gr. A #55 Kyoseki 1993 Japan Touringcar Championship,RHD,Nissan,2020,,
MGT00106,Nissan GT-R R32 Nismo S-Tune White,RHD,Nissan,2020,,
MGT00107,Nissan GT-R R32 Nismo S-Tune Silver,RHD,Nissan,2020,,
MGT00108,Land Rover Defender 110 1989 Camel Trophy Winner,RHD,Land Rover,2020,,
MGT00109,Land Rover Defender 110 Light Blue w/ Surfboard,LHD/RHD,Land Rover,2020,,
MGT00110,Land Rover Defender 110 Red Bull LUKA,LHD,Land Rover,2020,,
MGT00111,Mercedes-Benz Actros w/ Car Carrier Trailer,LHD/RHD,Mercedes-Benz,2020,,
MGT00112,Mercedes-Benz Actros With 40 Ft Container,LHD/RHD,Mercedes-Benz,2020,,
MGT00113,Lamborghini Urus - Giallo Auge,LHD/RHD,Lamborghini,2020,,
MGT00114,Lamborghini Huracán EVO Arancio Borealis,LHD/RHD,Lamborghini,2020,,
MGT00115,Lamborghini Huracán EVO - Rosso Mars,LHD/RHD,Lamborghini,2020,,
MGT00116,Bentley Continental GT Orange Flame,LHD/RHD,Bentley,2020,,
MGT00117,Bentley Continental GT - Ice,RHD,Bentley,2020,OEM/Bentley Shop Exclusives/Website Unlisted,
MGT00118,,,,,File:MGT00118.jpg,
MGT00119,BMW M3 AC Schnitzer S3 Sport Black,LHD/RHD,BMW,2021,,
MGT00120,BMW M3 (E30) ALPINA B6 3.5S Alpina Blue,LHD/RHD,BMW,2021,,
MGT00121,BMW M4 (F82) Sakhir Orange,LHD/RHD,BMW,2020,,
MGT00122,BMW M4 (F82) Yas Marina Blue Metallic,LHD/RHD,BMW,2020,,
MGT00123,Pandem Nissan GT-R Passion Pink GT Wing,LHD,Pandem,2020,,
MGT00124,Pandem Nissan GT-R (R35) Metallic Yellow w/ Carbon Duck Tail,LHD/RHD,Pandem,2020,,
MGT00125,Pandem Nissan GT-R (R35) Cosmopolitan Yellow GT Wing,LHD/RHD,Pandem,2020,,
MGT00126,LB★WORKS Lamborghini Huracán GT White,LHD/RHD,LB Works,2020,,
MGT00127,McLaren Senna Purple/Yellow,LHD/RHD,McLaren,2020,,
MGT00128,EVA RT Production Model-02 X Works GT-R,LHD,Nissan,2020,MINI GT x POP Race,
MGT00129,LB★WORKS Lamborghini Huracán GT Rosso Mars,LHD/RHD,LB Works,2020,,
MGT00130,LB★WORKS Lamborghini Huracán GT - Giallo Auge,LHD,LB Works,2020,Mijo / USA Exclusive,
MGT00131,Mercedes-Benz Actros w/ 40 Ft Container Black,LHD,Mercedes-Benz,2020,Mijo / USA Exclusive,
MGT00132,"LB★WORKS Nissan GT-R (R35) #46 Infinite Motorsport Type 1, Rear Wing ver 1",LHD,LB Works,2020,Mijo / USA Exclusive,
MGT00133,"LB★WORKS Nissan GT-R (R35) Martini Racing Type 1, Rear Wing ver 1",LHD/RHD,LB Works,2020,,
MGT00134,LB★WORKS Lamborghini Huracán GT - Rosso Mars,LHD,LB Works,N/A,"Toys""R""Us Japan Exclusive/Website Unlisted",
MGT00135,"LB★WORKS Nissan GT-R (R35) Blue / LB Work Livery 2.0 Type 2, Rear Wing ver 3",LHD/RHD,LB Works,2020,,
MGT00136,Porsche 911 GT2 RS Racing Yellow,LHD/RHD,Porsche,2020,,
MGT00137,Mercedes-Benz Actros Yellow w/ Car Carrier,LHD/RHD,Mercedes-Benz,2020,,
MGT00138,Mercedes-Benz Actros Black w/ Silver Mercedes Logo,LHD/RHD,Mercedes-Benz,2020,,
MGT00139,Mercedes-Benz Actros Black w/ Black Mercedes Logo,LHD/RHD,Mercedes-Benz,2020,,
MGT00140,"LB★WORKS Nissan GT-R (R35) JPS Type 2, Rear Wing ver 3",LHD/RHD,LB Works,2020,,
MGT00141,LB★WORKS Lamborghini Huracán GT White,LHD,LB Works,N/A,"Toys""R""Us Japan Exclusive/Website Unlisted",
MGT00142,,,,,File:MGT00142.jpg,
MGT00143,BMW M4 (F82) Austin Yellow Metallic,LHD/RHD,BMW,2020,,
MGT00144,Acura NSX GT3 EVO #86 2019 IMSA Watkins Glen Class Winner,LHD,Acura,2020,,
MGT00145,"LB★WORKS Nissan GT-R (R35) Magic Green Type 2, Rear Wing ver 3",LHD/RHD,LB Works,2020,MINI GT x TARMAC / TarmacWorks Exclusive /Chase,
MGT00146,LB★WORKS Lamborghini Huracán GT Magic Green,LHD/RHD,LB Works,2020,MINI GT x TARMAC / TarmacWorks Exclusive /Chase,
MGT00147,"LB★WORKS Nissan GT-R (R35) LB★WORKS Police Type 1, Rear Wing ver 1",RHD,LB Works,2020,1st Limited / 3000pcs,
MGT00148,LB★WORKS Lamborghini Huracán ver. 1 White w/ Red Stripe,LHD/RHD,LB Works,2020,,
MGT00149,LB★WORKS Lamborghini Huracán ver. 2 Green,LHD/RHD,LB Works,2020,,
MGT00150,Chevrolet Corvette Stingray 2020 Torch Red,LHD/RHD,Chevrolet,2020,,
MGT00151,Land Rover Defender 110 1985 County Station Wagon Grey,LHD/RHD,Land Rover,2020,,
MGT00152,Land Rover Defender 110 UK Royal Mail Post Bus,LHD/RHD,Land Rover,2020,,
MGT00153,Chevrolet Corvette Stingray Black w/ Midnight Gray Stripe,LHD/RHD,Chevrolet,2020,,
MGT00154,LB★WORKS BMW M4 Red w/ Copper Wheel,LHD/RHD,LB Works,2020,,
MGT00155,,,,,File:MGT00155.jpg,
MGT00156,Land Rover Defender 110 Gulf,LHD,Land Rover,2021,Mijo / USA Exclusive,
MGT00157,Land Rover Defender 110 Korlantas Polri – Indonesian Traffic Police,RHD,Land Rover,2021,Indonesia Exclusive,
MGT00158,Land Rover Defender 110 Badan Intelijen Negara Indonesia,RHD,Land Rover,2021,Indonesia Exclusive,
MGT00159,Land Rover Defender 110 British Red Cross Search & Rescue,RHD,Land Rover,2021,Mijo / USA Exclusive,
MGT00160,Porsche 911 GT2 RS Guards Red,LHD,Porsche,2020,Taiwan Exclusive,
MGT00161,LB★WORKS BMW M4 White W/ M Stripe,LHD/RHD,LB Works,2020,,
MGT00162,Bentley Continental GT 2019 Pikes Peak International Hill Climb,LHD,Bentley,2020,,
MGT00163,Bentley Continental GT Limited Edition by Mulliner,LHD/RHD,Bentley,2020,,
MGT00164,Mercedes-Benz 190E 2.5-16 Evolution II Black Pearl Metallic,LHD,Mercedes-Benz,2020,,
MGT00165,Nissan Skyline GT-R (R32) Gr. A #12 Calsonic 1990 Japan Touringcar Championship,RHD,Nissan,2020,,
MGT00166,Nissan Skyline GT-R (R32) Gr. A #1 Calsonic 1991 Japan Touringcar Championship,RHD,Nissan,2020,,
MGT00167,Nissan Skyline GT-R (R32) Gr. A #12 Calsonic 1992 Japan Touringcar Championship,RHD,Nissan,2020,,
MGT00168,LB-Silhouette WORKS GT NISSAN 35GT-RR Ver.1 White,LHD/RHD,LB Works,2020,,
MGT00169,LB-Silhouette WORKS GT NISSAN 35GT-RR Ver.1 Matte Black,LHD/RHD,LB Works,2020,China Exclusive,
MGT00170,Mercedes-Benz 190E 2.5-16 Evolution II DTM Silver,LHD,Mercedes-Benz,2020,,
MGT00171,McLaren Senna Silver,LHD/RHD,McLaren,2020,,
MGT00172,Lamborghini Urus Blu Eleos w/ Roof Box,LHD/RHD,Lamborghini,2020,,
MGT00173,Nissan GT-R NISMO GT3 EVA RT Test Type-01 Kakusei Edition-NISMO Festival 2019,LHD,Nissan,2021,MINI GT x POP Race,
MGT00174,,,,,File:MGT00174.jpg,
MGT00175,Pandem Toyota GR Supra V1.0 Silver,LHD/RHD,Pandem,2020,,
MGT00176,Bentley Continental GT3 2018 Presentation,RHD,Bentley,2020,,
MGT00177,Bentley Continental GT3 Test Car,RHD,Bentley,2020,,
MGT00178,Nissan Skyline GT-R (R32) Gr. A #11 BP 1993 Japan Touringcar Championship,RHD,Nissan,2020,,
MGT00179,LB-Silhouette WORKS GT NISSAN 35GT-RR Ver.1 JPS,LHD/RHD,LB Works,2020,,
MGT00180,Pandem Toyota GR Supra V1.0 White,LHD/RHD,Pandem,2020,,
MGT00181,,,,,File:MGT00181.jpg,
MGT00182,LB-Silhouette WORKS GT Nissan 35GT-RR Version 1 Yellow,RHD,LB Works,2020,Mijo / USA Exclusive,
MGT00183,Mercedes-Benz Actros Container Lorry - SF Express China Edition,LHD,Mercedes-Benz,2020,SF Express Exclusive / China ExclusiveLimited to 120 pcs,
MGT00184,"LB★WORKS Nissan GT-R R35 Type 1 Rear Wing ver 2, Light Blue Collection Garage Special",RHD,LB Works,2020,Macau Exclusive,
MGT00185,Pandem Toyota GR Supra V1.0 Silver,RHD,Pandem,2021,"Toys""R""Us Japan Exclusive",
MGT00186,Audi RS6 Avant Navarra Blue Metallic,LHD/RHD,Audi,2020,,
MGT00187,"Mercedes-Benz 190E 2.5-16 Evolution II #3 ""Camel"" 1990 Yellow Page 200 Invitational Kyalami",LHD,Mercedes-Benz,2020,Mijo / USA Exclusive,
MGT00188,Bentley Continental GT3 Christmas Edition 2020,RHD,Bentley,2020,2nd Limited / 9999pcs,
MGT00189,LB★WORKS Lamborghini Huracán ver. 1 Light Blue,LHD/RHD,LB Works,2020,,
MGT00190,LB★WORKS Lamborghini Huracán ver. 2 Magic Bronze,LHD/RHD,LB Works,2020,,
MGT00191,LB-Silhouette WORKS GT NISSAN 35GT-RR Ver.1 Lava Red,LHD/RHD,LB Works,2021,,
MGT00192,LB★WORKS BMW M4 Baby Blue,LHD/RHD,LB Works,2020,,
MGT00193,Lamborghini Huracán EVO Bologna Airport 2020 Follow-Me Car,LHD,Lamborghini,2022,,
MGT00194,Audi RS6 Avant Carbon Black Edition Tango Red,LHD/RHD,Audi,2020,,
MGT00195,Chevrolet Corvette Stingray Accelerate Yellow Metallic,LHD/RHD,Chevrolet,2020,,
MGT00196,"Mercedes-Benz 190E 2.5-16 Evolution II #5 ""Berlin"" 1992 DTM Zolder",LHD,Mercedes-Benz,2020,,
MGT00197,"Mercedes-Benz 190E 2.5-16 Evolution II #6 ""Berlin"" 1992",LHD,Mercedes-Benz,2020,China Exclusive,
MGT00198,Lamborghini Aventador SVJ Rosso Mars,LHD/RHD,Lamborghini,2021,,
MGT00199,Bentley Continental GT3 #110 M-Sport Team Bentley 2019 Total 24 Hours of Spa,RHD,Bentley,2021,,
MGT00200,Toyota TRD 3000GT Alpine Silver Metallic,LHD,Toyota,2021,,
KHMG001,Datsun 510 Pro Street OG Green,LHD,Nissan,2021,x KAIDO★HOUSE,
KHMG002,Datsun 510 Pro Street OG Purple,LHD,Nissan,2021,x KAIDO★HOUSE,
KHMG003,Datsun 510 Pro Street SK510 Red,LHD,Nissan,2021,x KAIDO★HOUSE,
KHMG004,Datsun 510 Pro Street SK510 Orange,LHD,Nissan,2021,x KAIDO★HOUSE,
MGT00201,Pandem Toyota GR Supra V1.0 White,RHD,Pandem,2020,Toyeast Exclusive / 800 pcs,
MGT00202,Land Rover Defender 110 Camel Trophy Support Vehicle,RHD,Land Rover,2021,2021 Sinopec Hong Kong Exclusives,
MGT00203,,,,,File:MGT00203.jpg,
MGT00204,,,,,File:MGT00204.jpg,
MGT00205,"LB★WORKS Nissan GT-R R35 Type 1, Rear Wing ver 1, Satin Silver",RHD,LB Works,2021,2021 Sinopec Hong Kong Exclusives,
MGT00206,HKS ADVAN GR Supra,RHD,Toyota,2021,,
MGT00207,Pandem Toyota GR Supra V1.0 ADVAN SEMA 2019,LHD,Pandem,2021,,
MGT00208,Bentley Continental GT3 #107 M-Sport Team Bentley 2019 Total 24 Hours of Spa,RHD,Bentley,2021,,
MGT00209,LB-Silhouette WORKS GT NISSAN 35GT-RR Ver.2 White LBWK,LHD/RHD,LB Works,2021,,
MGT00210,Porsche 911 (992) Carrera S GT Silver Metallic,LHD/RHD,Porsche,2021,,
MGT00211,Toyota Supra Blue Pearl Metallic,LHD/RHD,Toyota,2021,,
MGT00212,HKS Toyota GR Supra 2019 SEMA Presentation,LHD,Toyota,2021,,
MGT00213,"Mercedes-Benz Actros w/ 40ft Container ""Gulf""",LHD,Mercedes-Benz,2021,Mijo / USA Exclusive,
MGT00214,"Mercedes-Benz Actros w/ Car Carrier Trailer ""Gulf""",LHD,Mercedes-Benz,2021,Mijo / USA Exclusive,
MGT00215,"Mercedes-Benz Actros with 40 Ft Container ""LBWK""",LHD/RHD,Mercedes-Benz,2021,,
MGT00216,Bentley Continental GT St James Red,LHD/RHD,Bentley,2021,,
MGT00217,Pandem Toyota GR Supra V1.0 Polished Silver,LHD,Pandem,2020,Website Unlisted/ NFS,
MGT00218,Porsche Taycan Turbo S White,LHD/RHD,Porsche,2021,,
MGT00219,Pandem Toyota GR Supra V1.0 Black,LHD/RHD,Pandem,2021,,
MGT00220,Lamborghini Urus Bianco Monocerus Matt w/ Roof Box,LHD/RHD,Lamborghini,2021,,
MGT00221,Land Rover Defender 110 Team UK 1989 Camel Trophy Winner Dirty Version,RHD,Land Rover,2021,,
MGT00222,Bentley Continental GT3 - Blancpain GT Series Asia 2018 Phoenix Racing Asia #6 J.Pepper/S.Thong,RHD,Bentley,2021,MINI GT x POP Race,
MGT00223,,,,,File:MGT00223.jpg,
MGT00224,Lamborghini Aventador SVJ Roadster Bianco Canopus,LHD/RHD,Lamborghini,2021,,
MGT00225,Porsche Taycan Turbo S Frozen Blue Metallic,LHD/RHD,Porsche,2021,,
MGT00226,HKS Toyota GR Supra Nocturnal,LHD/RHD,Toyota,2021,,
MGT00227,Chevrolet Corvette Stingray 2020 Sebring Orange Tintcoat,LHD/RHD,Chevrolet,2021,,
MGT00228,LB★WORKS BMW M4 Purple-Green Metallic,LHD/RHD,LB Works,2021,,
MGT00229,Lamborghini Huracán EVO Blu Eleos,LHD/RHD,Lamborghini,2021,,
MGT00230,Toyota Supra Dark Green Pearl Metallic,LHD/RHD,Toyota,2021,,
MGT00231,Toyota TRD 3000GT Renaissance Red,LHD/RHD,Toyota,2021,,
MGT00232,McLaren Senna Antares Blue,LHD/RHD,McLaren,2021,,
MGT00233,Pandem Toyota GR Supra V1.0 Team TOYO TIRES DRIFT 2019 D1 Grand Prix,RHD,Pandem,2021,Japan Exclusive,
MGT00234,LB★WORKS Lamborghini Huracán ver.1 Black,LHD/RHD,LB Works,2021,,
MGT00235,LB★WORKS Toyota GR Supra White,LHD/RHD,LB Works,2021,,
MGT00236,LB★WORKS Toyota GR Supra Black,LHD/RHD,LB Works,2021,China Exclusive,
MGT00237,Land Rover Defender 110 Military Camouflage,RHD,Land Rover,2021,ToyEast Exclusive,
MGT00238,Bentley Continental GT3 #7 Bentley Team M-Sport 2020 Liqui-Moly Bathurst 12 Hrs Winner,RHD,Bentley,2021,,
MGT00239,"Mercedes-Benz 190E 2.5-16 Evolution II #7 ""East"" 1991 DTM",LHD,Mercedes-Benz,2021,,
21OEM01,Mercedes-Benz 190E 2.5-16 Evolution II 1992 Guia Race of Macau Set (4 models),,Mercedes-Benz,2021,OEM/ ToyEast Limited,
MGT00240,"Mercedes-Benz 190E 2.5-16 Evolution II #8 ""Berlin"" 1992 Guia Race of Macau",LHD,Mercedes-Benz,2021,Part of set21OEM01,
MGT00241,"Mercedes-Benz 190E 2.5-16 Evolution II #9 ""Berlin"" 1992 Guia Race of Macau",LHD,Mercedes-Benz,2021,Part of set21OEM01,
MGT00242,"Mercedes-Benz 190E 2.5-16 Evolution II #10 ""Berlin"" 1992 Guia Race of Macau",LHD,Mercedes-Benz,2021,Part of set21OEM01,
MGT00243,"Mercedes-Benz 190E 2.5-16 Evolution II #11 ""Berlin"" 1992 Guia Race of Macau",LHD,Mercedes-Benz,2021,Part of set21OEM01,
MGT00244,"LB★WORKS Nissan GT-R R35 Type 2 Rear Wing ver 3 ""LBWK Kuma Graffiti""",LHD,LB Works,2021,"3rd Limited / 5,000 pcs",
MGT00245,"LB-Silhouette Works GT Nissan 35GT-RR Ver. 1 ""Purple Metallic""",LHD,LB Works,2021,"3rd Limited / 5,000 pcs",
MGT00246,Ford GT GTLM Test Car,LHD,Ford,2021,,
MGT00247,Bentley Continental GT 2020 GP Ice Race,LHD,Bentley,2021,,
MGT00248,Acura NSX GT3 EVO #57 2020 IMSA 24 Hrs of Daytona,LHD,Acura,2021,,
MGT00249,Ford GT Liquid Blue,LHD,Ford,2021,,
MGT00250,Pandem Toyota GR Supra V1.0 Matte Grey,LHD/RHD,Pandem,2021,,
MGT00251,Chevrolet Corvette Stingray 2020 Rapid Blue,LHD/RHD,Chevrolet,2021,,
MGT00252,Porsche 911 (992) Carrera 4S Racing Yellow,LHD/RHD,Porsche,2021,,
MGT00253,Chevrolet Corvette C8.R #3 2020 IMSA 24 Hrs of Daytona,LHD,Chevrolet,2021,,
MGT00254,Chevrolet Corvette C8.R #4 2020 IMSA 24 Hrs of Daytona,LHD,Chevrolet,2021,,
MGT00255,Audi RS6 Avant Silver Digital Camouflage,LHD,Audi,2021,China Exclusive,
MGT00256,Audi RS6 Avant Silver Digital Camouflage w/ Roof Box,LHD,Audi,2021,China Exclusive,
MGT00257,Audi RS6 Avant Mythos Black Metallic w/ Roof Box,LHD/RHD,Audi,2021,,
MGT00258,LB★WORKS Lamborghini Huracán GT FIGHTERS WORKS,LHD/RHD,LB Works,2021,,
MGT00259,Toyota TRD 3000GT Super White,LHD/RHD,Toyota,2021,,
MGT00260,Bentley Continental GT3 #5 2018 Blancpain GT Asia,RHD,Bentley,2021,,
MGT00261,BMW M3 #16 1989 Italian Supertouring Championship,LHD,BMW,2021,MINI GT x TINY x Shell / Hong Kong Exclusive,
MGT00262,LB-Silhouette WORKS GT Nissan 35GT-RR,RHD,LB Works,2021,MINI GT x TINY x Shell / Hong Kong Exclusive,
MGT00263,Porsche Taycan Turbo S Porsche x Shell,RHD,Porsche,2021,MINI GT x TINY x Shell / Hong Kong Exclusive,
MGT00264,Land Rover Defender 110 Shell Oil,RHD,Land Rover,2021,MINI GT x TINY x Shell / Hong Kong Exclusive,
MGT00265,HKS Toyota GR Supra Renaissance Red,LHD/RHD,Toyota,2021,,
MGT00266,Bugatti Vision Gran Turismo Light Blue,LHD,Bugatti,2021,,
MGT00267,,,,,File:MGT00267.jpg,
MGT00268,Ford Mustang Shelby GT500 Ford Performance Blue,LHD/RHD,Ford,2021,,
MGT00269,Ford GT GTLM Gulf,LHD,Ford,2021,Mijo / USA Exclusive,
MGT00270,Mazda Miata MX-5 (NA) Tuned Version Classic White - Fred's Garage Special,LHD,Mazda,2021,Fred's Garage Club Taiwan Exclusive,
MGT00271,Ford Mustang Shelby GT500 Grabber Lime,LHD,Ford,2022,MINI GT x Tarmac Works,
MGT00272,McLaren Senna Cerulean Blue Shmee150 Collection,RHD,McLaren,2021,MINI GT x Tarmac Works,
MGT00273,Ford GT Liquid Red Shmee150 Collection,LHD,Ford,2022,MINI GT x Tarmac Works,
MGT00274,Porsche Taycan Turbo S Midnight Green Shmee150 Collection,RHD,Porsche,2022,MINI GT x Tarmac Works,
MGT00275,Land Rover Defender 110 2021 Hong Kong Toycar Salon Edition,RHD,Land Rover,2021,HK Toycar Salon Edition,
MGTS0001,Ford GT LMGTE PRO 2016 24 Hrs Le Mans Ford Chip Ganassi Team (4 Cars Set),LHD,Ford,2021,"Limited / 5,000 sets",
MGT00276,Ford GT LMGTE PRO #66 2016 24 Hrs Le Mans 4th Place,LHD,Ford,2021,"Part of setMGTS0001/ Limited / 5,000 pcs",
MGT00277,Ford GT LMGTE PRO #67 2016 24 Hrs Le Mans,LHD,Ford,2021,"Part of setMGTS0001/ Limited / 5,000 pcs",
MGT00278,Ford GT LMGTE PRO #68 2016 24 Hrs Le Mans Class Winner,LHD,Ford,2021,Additionally part of setMGTS0001,
MGT00279,Ford GT LMGTE PRO #69 2016 24 Hrs Le Mans 3rd Place,LHD,Ford,2021,"Part of setMGTS0001/ Limited / 5,000 pcs",
MGT00280,Ford GT MK II 2019 Goodwood Festival of Speed,LHD,Ford,2021,,
MGT00281,"LB-Silhouette WORKS GT NISSAN 35GT-RR Ver.1 ""Class""",RHD,LB Works,2021,,
MGT00282,Honda S2000 CR Rio Yellow Pearl,LHD,Honda,2021,,
MGT00283,Porsche 911 (992) Carrera S Guards Red,LHD/RHD,Porsche,2021,,
MGT00284,Bentley Continental GT3 #7 2020 Intercontinental GT Challenge Kyalami 9 Hrs,RHD,Bentley,2021,,
MGT00285,Bentley Flying Spur The Reindeer Eight,LHD,Bentley,2021,"China Exclusive / 9,999 pcs",
MGT00286,Bentley Flying Spur Verdant,LHD/RHD,Bentley,2022,,
MGT00287,Honda S2000 (AP2) Laguna Blue Pearl,LHD,Honda,2021,,
MGT00288,Mazda Miata MX-5 (NA) Classic Red,LHD,Mazda,2021,,
MGT00289,Porsche Taycan Turbo S Carmine Red,LHD/RHD,Porsche,2021,,
MGT00290,LB★WORKS Toyota GR Supra Liqui Moly,RHD,LB Works,2021,,
MGT00291,LB-Silhouette WORKS GT NISSAN 35GT-RR Ver.2 Matt Black LBWK,RHD,LB Works,2021,,
MGT00292,Isuzu N-Series Vehicle Transporter LBWK Black,RHD,LB Works,2021,MINI GT x TINY,
MGT00293,Ford GT MK II 2019 Pebble Beach Concourse d'Elegance Limited Edition,LHD,Ford,2022,Mijo / USA Exclusive,
MGT00294,Pandem Toyota GR Supra V1.0 Orange,LHD,Pandem,2021,Mijo / USA Exclusive,
MGT00295,Nissan GT-R (R32) Red Pearl w/ BBS LM Wheel,RHD,Nissan,2021,,
MGT00296,LB★WORKS Toyota GR Supra Martini Racing,LHD/RHD,LB Works,2021,,
MGT00297,Ford GT MK II #006 Shadow Black,LHD,Ford,2021,,
MGT00298,Eunos Roadster Classic Red,RHD,Mazda,2021,,
MGT00299,LB-Silhouette WORKS GT NISSAN 35GT-RR Ver.2 LBWK Blue,LHD/RHD,LB Works,2021,,
MGT00300,Lancia Delta HF Integrale Evoluzione Martini Racing,LHD,Lancia,2021,,
MGT00302,Acura NSX GT3 EVO #44 Magnus Racing 2021 IMSA Daytona 24 Hrs,LHD,Acura,,,January2022
MGT00303,Porsche 911 (992) Carrera 4S GT Silver Metallic,LHD/RHD,Porsche,,,January2022
MGT00304,Mazda Miata MX-5 (NA) Tuned Version Classic White,LHD/RHD,Mazda,,,March2022
MGT00305,Pagani Zonda F Silver,LHD/RHD,Pagani,,,December2021
MGT00306,LB★WORKS BMW M4 Black W/ M Stripe,LHD,LB Works,,Mijo / USA Exclusive,March2022
MGT00307,HKS GR Supra D1 GP 2020 #77 H. Matsuyama FAT FIVE RACING,RHD,Toyota,,Japan Exclusive,March2022
MGT00308,LB★WORKS Toyota GR Supra CSR2,RHD,LB Works,,,February2022
MGT00309,Honda S2000 (AP2) MUGEN Berlina Black,LHD/RHD,Honda,,,March2022
MGT00310,Nissan Skyline GT-R R32 Gr. A #21 MINI GT GIVE 2021 HK Edition,RHD,Nissan,,Hong Kong Exclusive / 999 pcs,November2021
MGT00311,LB-Silhouette Works GT Nissan 35GT-RR Ver. 1 LBWK,RHD,LB Works,,,May2022
MGT00312,Mercedes-Benz 190E 2.5-16 Evolution II #7 AMG-Mercedes 1990 DTM,LHD,Mercedes-Benz,,,December2021
MGT00313,Ford GT 2021 Ken Miles Heritage Edition,LHD,Ford,,,March2022
MGT00314,BMW M3 E30 Gulf Livery,LHD,BMW,,Mijo / USA Exclusive,May2022
MGT00315,Chevrolet Corvette C8.R #3 Corvette Racing 2021 IMSA Sebring 12 Hrs,LHD,Chevrolet,,,January2022
MGT00316,Chevrolet Corvette C8.R #4 Corvette Racing 2021 IMSA Sebring 12 Hrs,LHD,Chevrolet,,,January2022
MGT00317,Bugatti Vision Gran Turismo Yellow,LHD,Bugatti,,,February2022
MGT00318,Shelby GT500 Dragon Snake Concept Oxford White,LHD,Shelby,,,March2022
MGT00319,LB★WORKS BMW M4 IMSA,RHD,LB Works,,,June2022
MGT00320,Land Rover Defender 90 Pickup 2021 Christmas Edition,RHD,Land Rover,,"5th Limited / 9,999 pcs",December2021
MGT00321,Land Rover Defender 110 Malaysian Army,RHD,Land Rover,,Malaysia Exclusive,January2022
MGT00322,Lancia Delta HF Integrale Evoluzione 1992 Rally 1000 Lakes Winner #3,LHD,Lancia,,,May2022
MGT00323,Land Rover Defender 90 Pickup Masai Red,,Land Rover,,,January2022
MGT00324,LB-Silhouette Works GT Nissan 35GT-RR Ver. 1 Red/Black,RHD,LB Works,,,March2022
MGT00325,LB★WORKS Toyota GR Supra JPS,RHD,LB Works,,,May2022
MGT00326,Nissan Skyline GT-R R32 Nismo S-Tune Dark Blue,RHD,Nissan,,,May2022
MGT00327,Nissan GT-R NISMO GT3 2018 Presentation,LHD,Nissan,,,June2022
MGT00328,Lamborghini Huracán EVO Verde Mantis,LHD/RHD,Lamborghini,,,March2022
MGT00329,LB★WORKS Lamborghini Aventador Limited Edition Infinite Motorsports,RHD,LB Works,,,June2022
MGT00330,Land Rover Defender 90 Pickup 2022 Chinese New Year Edition,RHD,Land Rover,,"Hong Kong Exclusive /Limited 8,888 pcs",January2022
MGT00331,Mazda Miata MX-5 (NA) Mariner Blue Headlight Up,LHD,Mazda,,,May2022
MGT00332,Porsche 911 Targa 4S White,LHD/RHD,Porsche,,,May2022
MGT00333,"Mercedes-Benz Actros with 40 Ft Container ""LBWK Kuma Graffiti""",LHD,Mercedes-Benz,,,June2022
MGT00334,Ford Mustang Shelby GT500 Shadow Black,LHD/RHD,Ford,,,May2022
MGT00335,Bentley Continental GT3 #11 Team Parker 2020 Total 24 Hrs of Spa,RHD,Bentley,,,June2022
MGT00336,Nissan GT-R NISMO GT3 2018 Test Car,LHD,Nissan,,,May2022
MGT00337,Bugatti Centodieci White,LHD,Bugatti,,,June2022
MGT00338,Land Rover Defender 90 Pickup White,LHD/RHD,Land Rover,,,June2022
MGT00339,Porsche Taycan Turbo S Gentian Blue Metallic,LHD/RHD,Porsche,,,June2022
MGT00340,Ford GT Ingot Silver,LHD,Ford,,,June2022
MGT00341,Nissan Skyline GT-R (R34) V-Spec II Bayside Blue,RHD,Nissan,,,September2022
MGT00342,Mercedes-Benz 190E 2.5-16 Evolution II #65 AMG Motorbau 1990 DTM,LHD,Mercedes-Benz,,,June2022
MGT00343,Lamborghini Aventador SVJ Viola Aletheia,LHD/RHD,Lamborghini,,,May2022
KHMG005,Datsun 510 Pro Street BRE510 V1,LHD,Nissan,,x KAIDO★HOUSE,2022
KHMG006,Datsun 510 Pro Street BRE510 V2,LHD,Nissan,,x KAIDO★HOUSE,2022
KHMG008,Datsun 510 Pro Street KDO510,LHD,Nissan,,x KAIDO★HOUSEMijo / USA Exclusive,2022
KHMG009,Datsun 510 Pro Street OG Black KaidoHouse Exclusive,LHD,Nissan,,x KAIDO★HOUSEExclusive,2021
MGT00344,Porsche 911 GT2 RS Weissach Package Miami Blue,LHD/RHD,Porsche,,,June2022
MGT00345,"LB★WORKS Nissan GT-R R35 Type 2, Rear Wing ver 3, Red LB Works Livery 2.0",LHD/RHD,LB Works,,,May2022
MGT00346,BMW M4 M-Performance (G82) Alpine White,LHD/RHD,BMW,,,December2022
MGT00347,BMW M4 GT3 2021 Presentation,LHD,BMW,,,April2022
MGT00348,Nissan Skyline GT-R (R34) M-Spec Silica Breath,RHD,Nissan,,,February2022
MGT00349,Honda S2000 (AP2) Type S Grand Prix White,RHD,Honda,,,June2022
MGT00350,HKS Toyota GR Supra Tokyo Auto Salon 2020,RHD,Toyota,,,July2022
MGT00351,Bentley Flying Spur Neptune,LHD/RHD,Bentley,,,November2022
MGT00352,Lamborghini Huracán GT3 EVO Presentation,LHD,Lamborghini,,,August2022
MGT00353,Land Rover Defender 90 County Wagon Stratos Blue,LHD/RHD,Land Rover,,,June2022
MGT00354,Porsche 911 Turbo S GT Silver Metallic,LHD/RHD,Porsche,,,July2022
MGT00355,LB★WORKS Lamborghini Huracán GT Arancio Borealis,LHD/RHD,LB Works,,,August2022
MGT00356,Isuzu N-Series Vehicle Transporter LBWK White,RHD,LB Works,,MINI GT x TINY,June2022
MGT00357,Nissan GT-R Nismo GT3 2018 Presentation Matte Black,LHD,Nissan,,Shizuoka Hobby Show Exclusive,May2022
MGT00358,RUF CTR Anniversary Blossom Yellow,LHD,RUF,,,August2022
MGT00359,Ford GT MK II #002 Blue/Orange,LHD,Ford,,,Sep2022
MGT00360,Lamborghini Urus Arancio Borealis,LHD/RHD,Lamborghini,,,August2022
MGT00361,Mazda Miata MX-5 (NA) Classic Red Headlight Up / Soft Top,LHD,Mazda,,,June2022
MGT00362,Eunos Roadster Classic Red Headlight Up / Soft Top,RHD,Mazda,,,June2022
MGT00363,Lamborghini Aventador SVJ Roadster Oro Elios,LHD/RHD,Lamborghini,,,August2022
MGT00364,Pandem Toyota GR Supra V1.0 #770 Team Cusco Racing 2021 Formula Drift Japan,RHD,Toyota,,,August2022
MGT00365,Lancia Stratos HF Stradale Rosso Arancio,LHD,Lancia,,,August2022
MGT00366,Mercedes-Benz 190E 2.5 16 Evolution II 1991 DTM Zakspeed #20 Michael Schumacher,LHD,Mercedes-Benz,,,February2023
MGT00367,Honda S2000 (AP2) Mugen New Formula Red,LHD/RHD,Honda,,,June2022
MGT00368,HKS Toyota GR Supra (A90) Downshift Blue,LHD/RHD,Toyota,,,August2022
MGT00369,Bugatti Vision Gran Turismo Silver,LHD,Bugatti,,,August2022
MGT00370,Pagani Zonda HP Barchetta Blue Tricolor,LHD,Pagani,,,August2022
MGT00371,Porsche 911 (992) Carrera 4S Lava Orange,LHD/RHD,Porsche,,,August2022
MGT00372,Audi RS6 Avant Carbon Black Edition Florett Silver,LHD/RHD,Audi,,,November2022
MGT00373,Porsche 911 (992) GT3 Touring Agate Grey Metallic,LHD/RHD,Porsche,,,September2022
MGT00374,Bugatti Chiron Super Sport 300+ Matte Black,LHD,Bugatti,,,September2022
MGT00375,LB★WORKS Lamborghini Huracán ver. 3 Red,LHD/RHD,LB Works,,,September2022
MGT00376,Honda S2000 (AP2) Type S Apex Blue,RHD,Honda,,,July2022
MGT00377,Nissan GT-R R32 Gr.A #2 1991 Macau GP,RHD,Nissan,,,March2023
MGT00378,Land Rover Defender 90 Wagon White,LHD/RHD,Land Rover,,,November2022
MGT00379,Bugatti Chiron Pur Sport Blue,LHD,Bugatti,,,October2022
MGT00380,Porsche 911 (992) Carrera S White,LHD/RHD,Porsche,,,September2022
MGT00381,Porsche 911 (992) GT3 Shark Blue,LHD/RHD,Porsche,,,September2022
MGT00382,Pagani Zonda F Rosso Dubai,LHD/RHD,Pagani,,,October2022
MGT00383,Chevrolet Corvette C8.R #63 2021 Le Mans 24 Hrs GTE PRO 2nd Place,LHD,Chevrolet,,,September2022
MGT00384,LB-Silhouette Works GT Nissan 35GT-RR Wonderful Indonesia,RHD,LB Works,,Indonesia Exclusive,September2022
MGT00385,RUF CTR Anniversary Irish Green,LHD,RUF,,,October2022
MGT00386,Hyundai Elantra N Cyber Grey,LHD,Hyundai,,,August2022
MGT00387,Nissan Skyline GT-R (R34) Top Secret 2022 Christmas Limited Edition,RHD,Top Secret,,,November2022
MGT00388,"Bentley Flying Spur V8 ""Unifying Spur""",,Bentley,,,June2023
MGT00389,Shelby GT500 SE Widebody Ford Race Red,LHD,Shelby,,,August2022
MGT00390,Porsche 911 (992) GT3 GT Silver Metallic,LHD/RHD,Porsche,,,November2022
MGT00391,Lamborghini Aventador SVJ Verde Mantis,LHD/RHD,Lamborghini,,,October2022
MGT00392,Mazda Miata MX-5 (NA) Sunburst Yellow,LHD,Mazda,,,August2022
MGT00393,Eunos Roadster Sunburst Yellow,RHD,Mazda,,,August2022
MGT00394,BMW M4 GT3 #24 BMW Team RLL 2022 IMSA Daytona 24 Hrs,LHD,BMW,,,May2023
MGT00395,Mercedes-Benz 190E 2.5 16 Evolution II 1991 DTM #78 Lohr,LHD,Mercedes-Benz,,,March2023
MGT00396,Honda S2000 (AP2) Lime Green Metallic,LHD/RHD,Honda,,,September2022
MGT00397,Nissan Skyline GT-R (R34) V-Spec N1 White,RHD,Nissan,,,February2023
MGT00398,LB★WORKS Lamborghini Huracán GT Digital Camouflage,LHD,LB Works,,,November2022
MGT00399,Porsche Taycan Turbo S NaRaYa,RHD,Porsche,,"Thailand Exclusive /Limited 9,999 pcs",August2022
MGT00400,"Western Star 49X w/ 40ft Container ""Dios De Los Muertos""",LHD,Western Star,,Mijo / USA Exclusive,September2022
MGT00401,Porsche 911 (991) GT2 RS Weissach Package Black,LHD/RHD,Porsche,,,April2023
MGT00402,Land Rover Defender 90 Pickup Bronze Green,,Land Rover,,,June2023
MGT00403,Hyundai Elantra N #499 Caround Racing Hyundai N-Festival,LHD,Hyundai,,,September2022
MGT00404,Hyundai Elantra N Performance Blue,LHD,Hyundai,,,February2023
MGT00405,Porsche 911 (992) GT3 Touring Gentian Blue Metallic,LHD/RHD,Porsche,,,December2022
MGT00406,Bentley Mulliner Bacalar Yellow Flame,LHD,Bentley,,,November2022
MGT00407,Mazda Miata MX-5 (NA) Tuned Version Silver Stone Metallic,LHD/RHD,Mazda,,,September2022
MGT00408,Pagani Zonda F Blu Argentina,LHD/RHD,Pagani,,,October2022
MGT00409,Bugatti Chiron Super Sport 300+ World Record,LHD,Bugatti,,,November2022
MGT00410,Lamborghini Aventador SVJ Black Chrome,,Lamborghini,,Website Unlisted/ NFS,May2022
MGT00411,Lancia Stratos HF Stradale Bleu Vincennes,LHD,Lancia,,,October2022
MGT00412,Porsche 911 Targa 4S Gentian Blue Metallic,LHD/RHD,Porsche,,,October2022
MGT00413,,,,,File:MGT00413.jpg,
MGT00414,Nissan Fairlady Z Proto Spec 2023 Ikazuchi Yellow,RHD,Nissan,,,December2022
MGT00415,Nissan Z Proto Spec 2023 Ikazuchi Yellow,LHD,Nissan,,,December2022
MGT00416,BMW M4 GT3 #25 BMW Team RLL 2022 IMSA,LHD,BMW,,,July2023
MGT00417,Pagani Huayra Roadster Black,LHD/RHD,Pagani,,,February2023
MGT00418,LB-Silhouette Works GT Nissan 35GT-RR Ver. 2 Passion Pink,LHD/RHD,LB Works,,,October2022
MGT00419,RUF CTR 1987 Blossom Yellow,LHD,RUF,,,December2022
MGT00420,Bentley Continental GT Speed 2022 Candy Red,LHD/RHD,Bentley,,,November2022
MGT00421,RUF Rodeo Presentation,LHD,RUF,,,December2022
MGT00422,Lancia Stratos HF 1977 Rally Monte Carlo Winner #1,LHD,Lancia,,,December2022
MGT00423,Porsche 911 Turbo S Guards Red,LHD/RHD,Porsche,,,December2022
MGT00424,Pandem Toyota GR Supra V1.0 Pearl White,LHD/RHD,Pandem,,,December2022
MGT00425,Lamborghini Aventador SVJ Roadster Grigio Telesto,LHD/RHD,Lamborghini,,,December2022
MGT00426,LB-Works Ford Mustang Grabber Lime,LHD/RHD,LB Works,,,December2022
MGT00427,Hyundai Elantra N Ceramic White,LHD,Hyundai,,,December2022
MGT00428,Bugatti Chiron Pur Sport Yellow,LHD,Bugatti,,,December2022
MGT00429,Ford GT Mk II Ford Performance,LHD,Ford,,,April2023
MGT00430,McLaren Artura Volcano Blue,LHD/RHD,McLaren,,,February2023
MGT00431,Top Secret Nissan Skyline GT-R VR32 Top Secret Gold,RHD,Top Secret,,Japan Exclusive,December2022
MGT00432,Pagani Zonda HP Barchetta Rosso Dubai,LHD,Pagani,,,February2023
MGT00433,Porsche Taycan Turbo S Volcano Grey Metallic,LHD/RHD,Porsche,,,December2022
MGT00434,LB-Super Silhouette Nissan S15 SILVIA #23 2021 Formula Drift Japan,RHD,LB Works,,,November2022
MGT00435,Porsche 911 (992) Carrera S Miami Blue,LHD/RHD,Porsche,,,November2022
MGT00436,BMW 750Li xDrive Black Sapphire,LHD/RHD,BMW,,,January2023
MGT00437,LB-Silhouette Works GT Nissan 35GT-RR Ver.2 Apple Green,LHD/RHD,LB Works,,,November2022
MGT00438,Ford GT #85 2019 24Hr. of Le Mans LM GTE,LHD,Ford,,,April2023
MGT00439,BMW M4 GT3 #1 ST Racing 2022 12H Mugello Winner,LHD,BMW,,,January2023
MGT00440,Bugatti Chiron Super Sport White,LHD,Bugatti,,,January2023
MGT00441,Chevrolet Corvette Z06 2023 Accelerate Yellow,LHD/RHD,Chevrolet,,,December2022
MGT00442,Bentley Continental GT Speed 2022 Anthracite Satin,LHD/RHD,Bentley,,,January2023
MGT00443,Lamborghini Urus UNLOCK ANY ROAD HONG KONG,RHD,Lamborghini,,Hong Kong Exclusive,December2022
MGT00444,,,,,File:MGT00444.jpg,
MGT00445,Nissan Skyline GT-R (R34) V-Spec II MINI GT Digital Camouflage Grey 2022 Hong Kong Toycar Salon Edition,RHD,Nissan,,HK Toycar Salon Edition,September2022
MGT00446,Nissan Skyline GT-R (R34) V-Spec II MINI GT Digital Camouflage Purple,,Nissan,,"MINI GT 5 Years Anniversary Model / Limited 9,999 pcs",February2023
MGT00447,Nissan Skyline GT-R (R34) V-Spec II MINI GT Digital Camouflage Yellow,RHD,Nissan,,Malaysia Diecast Expo 2022 / Limited Edition,October2022
MGT00448,Lincoln Capri 1954 Black,LHD,Lincoln,,,February2023
MGT00449,LB★Works Lamborghini Aventador Limited Edition Matt Silver,LHD/RHD,LB Works,,,January2023
MGT00450,Hyundai Kona N Performance Blue,LHD,Hyundai,,,December2022
MGT00451,RUF CTR Anniversary Dark Blue,LHD,RUF,,,February2023
MGT00452,Nissan Fairlady Z Version ST 2023 Seiran Blue,RHD,Nissan,,,April2023
MGT00453,Nissan Z Performance 2023 Seiran Blue,LHD,Nissan,,,April2023
MGT00454,Hyundai KONA N Sonic Blue,LHD,Hyundai,,,January2023
MGT00455,Lancia Delta HF Integrale Evoluzione 1992 Rally Monte Carlo Winner #4,LHD,Lancia,,,October2023
MGT00456,Lancia Delta HF Integrale Evoluzione 1992 Rally Monte Carlo Winner #4 Dirty Version,LHD,Lancia,,,October2023
MGT00457,Lancia Delta HF Integrale Evoluzione 1992 Rally Monte Carlo #1,LHD,Lancia,,,October2023
MGT00458,Lancia Delta HF Integrale Evoluzione 1992 Rally Monte Carlo #11,LHD,Lancia,,,October2023
MGT00459,Lamborghini Aventador SVJ Baby Blue MINI GT GIVE China 2022,RHD,Lamborghini,,,September2022
MGT00460,Lamborghini Aventador SVJ Baby Pink MINI GT GIVE Hong Kong 2022,RHD,Lamborghini,,Hong Kong Exclusive / 1200 pcs,September2022
MGT00461,Porsche 911 Targa 4S Heritage Design Edition Cherry Red,RHD,Porsche,,,February2023
MGT00462,BMW M4 GT3 #96 Turner Motorsports 2022 IMSA Daytona 24 Hrs,LHD,BMW,,,February2023
MGT00463,Land Rover Defender 110 1989 Camel Trophy Amazon Team France,RHD,Land Rover,,,April2023
MGT00464,"Mercedes-Benz Actros w/ Racing Transporter ""LB Racing""",,Mercedes-Benz,,,January2023
MGT00465,LB-Silhouette Nissan S15 SILVIA Presentation,,LB Works,,,January2023
MGT00466,Bugatti Centodieci Black,LHD,Bugatti,,,February2023
MGT00467,LB-Silhouette Works Lamborghini Aventador GT EVO Presentation,,LB Works,,,March2023
MGT00468,BMW M4 Competition (G82) San Paulo Yellow,,BMW,,,April2023
MGT00469,Top Secret Nissan Skyline GT-R VR32 White,RHD,Top Secret,,,February2023
MGT00470,Ford Mustang GT LB-Works Grey,,LB Works,,,February2023
MGT00471,BMW Alpina B7 xDrive Alpina Blue Metallic,,BMW,,,February2023
MGT00472,Toyota GR Supra LB-Works Matte Black,,LB Works,,,February2023
MGT00473,Bentley Continental GT Speed 2022 Apple Green,,Bentley,,,February2023
MGT00474,Bugatti Divo Presentation,LHD,Bugatti,,,March2023
MGT00475,Lamborghini Huracán STO Blu Laufey,,Lamborghini,,,March2023
MGT00476,Ford GT Alan Mann Heritage Edition,,Ford,,,March2023
MGT00477,Chevrolet Corvette Z06 2023 Torch Red,,Chevrolet,,,May2023
MGT00478,Porsche 911 (992) GT3 White,,Porsche,,,March2023
MGT00479,Audi ABT RS6-R Daytona Grey,LHD,Audi,,,May2023
MGT00480,Mercedes-Benz 190E 2.5-16 Evolution II #9 1991 Macau Guia Race of Macau,LHD,Mercedes-Benz,,,June2023
MGT00481,Mercedes-Benz 190E 2.5-16 Evolution II #10 1991 Macau Guia Race of Macau,LHD,Mercedes-Benz,,,June2023
MGT00482,Mercedes-Benz 190E 2.5-16 Evolution II #11 1991 Macau Guia Race of Macau,LHD,Mercedes-Benz,,,June2023
MGT00483,Nissan Skyline GT-R Top Secret VR32 White w/ Carbon Fiber Hood,RHD,Top Secret,,,January2023
MGT00484,BMW M4 GT3 #7 BMW Team Studie x CSL,LHD,BMW,,,May2023
MGT00485,Honda NSX GT3 EVO22 #55 ARTA,LHD,Honda,,,May2023
MGT00486,Nissan GT-R NISMO GT3 #56 KONDO RACING,LHD,Nissan,,,May2023
MGT00487,"Bugatti Chiron Pur Sport ""Grand Prix""",LHD,Bugatti,,,April2023
MGT00488,Tyrell P34 #4 Spanish GP,,Tyrell,,,February2023
MGT00489,Lotus 78 #5 1977 Presentation,,Lotus,,,February2023
MGT00490,Nissan LB-Super Silhouette S15 SILVIA Auto Finesse,RHD,LB Works,,,March2023
MGT00491,Nissan LB-Silhouette WORKS GT 35GT-RR Ver.2 LB Racing Formula Drift 2022,RHD,LB Works,,,May2023
MGT00492,Bentley Mulliner Bacalar Scarab Green,LHD,Bentley,,,April2023
MGT00493,Honda S2000 (AP2) Mugen Monte Carlo Blue Pearl,,Honda,,,March2023
MGT00494,Lamborghini LB-Silhouette Works Aventador GT EVO Baby Blue,,LB Works,,,May2023
MGT00495,Range Rover 1971 Bahama Gold,,Land Rover,,,November2023
MGT00496,McLaren Artura Flux Green,,McLaren,,,July2023
MGT00497,Porsche 911 Turbo S Racing Yellow,,Porsche,,,May2023
MGT00498,BMW Alpina B7 xDrive Alpina Green Metallic,,BMW,,,April2023
MGT00499,Lamborghini Huracan GT3 EVO #39 2022 IMSA Road America 2nd Place,LHD,Lamborghini,,,May2023
MGT00500,Nissan Silvia Pandem (S15) Green,RHD,Pandem,,,May2023
MGT00501,Nissan Skyline GT-R (R34) V-Spec II N1 White,RHD,Nissan,,,July2023
MGT00502,Lamborghini LB-Silhouette Works Aventador GT EVO Matte Black,,LB Works,,,May2023
MGT00503,Bugatti Divo Red Metallic,LHD,Bugatti,,,May2023
MGT00504,Lancia Stratos HF 1979 Rally Monte Carlo Winner #4,LHD,Lancia,,,July2023
MGT00505,Ford Mustang Shelby GT500 Twister Orange,,Ford,,,May2023
MGT00506,Lamborghini Aventador SVJ Roadster Rosso Efestos,,Lamborghini,,,May2023
MGT00507,Porsche 911 Targa 4S Heritage Design Edition GT,,Porsche,,,April2023
MGT00508,Mercedes-Benz EQS 580 4MATIC High-Tech Silver Metallic,,Mercedes-Benz,,,August2023
MGT00509,Range Rover 1982 Camel Trophy Papua New Guinea Team USA,,Land Rover,,,September2023
MGT00510,Range Rover 1982 Camel Trophy - Papua New Guinea Team USA Dirty version,LHD,Land Rover,,,September2023
MGT00511,Lamborghini Huracán STO Arancio Borealis,,Lamborghini,,,July2023
MGT00512,Subaru Impreza WRC97 1997 Rally Sanremo Winner #3,LHD,Subaru,,,August2023
MGT00513,Bugatti Chiron Super Sport Gold,LHD,Bugatti,,,July2023
MGT00514,ABT Audi RS6 Johann Abt Signature Edition Black,LHD,Audi,,,June2023
MGT00515,BMW 750Li xDrive Bernina Grey Amber Effect,,BMW,,,June2023
MGT00516,Mercedes-Benz Maybach S680 Cirrus Silver / Nautical Blue Metallic,,Mercedes-Benz,,,December2023
MGT00517,Acura NSX GT3 EVO22 Chiaki Edition,,Acura,,,April2023
MGT00518,Lamborghini LB-Silhouette Works Aventador GT EVO Matte Black w/ Red Accent,,LB Works,,,May2023
MGT00519,Lamborghini LB-Silhouette Works Aventador GT EVO Matte Black w/ Gold Accent,,LB Works,,,May2023
MGT00520,Oracle Red Bull Racing RB18 #1 - Max Verstappen 2022 Abu Dhabi Grand Prix Winner,,Red Bull Racing,,,November2023
MGT00521,AlphaTauri AT03 #22 - Yuki Tsunoda,,Red Bull Racing,,,November2023
MGT00522,Land Rover Defender 110 Mobile Brigade Corps (KORPS BRIMOB),RHD,Land Rover,,,August2023
MGT00523,Ford Shelby GT500 SE Widebody,LHD,Ford,,,September2023
MGT00524,Western Star 49X w/ Racing Trailer,LHD,Western Star,,,September2023
MGT00525,Porsche 911 Turbo S Python Green,,Porsche,,,May2023
MGT00526,BMW M4 M-Performance (G82) Fire Orange,,BMW,,,July2023
MGT00527,Nissan Silvia (S15) Rocket Bunny Red,RHD,Nissan,,,July2023
MGT00528,Nissan LB-Silhouette Works GT 35GT-RR Ver.1 LB Racing,RHD,LB Works,,,September2023
MGT00529,Lamborghini Sián FKP 37 Presentation,LHD,Lamborghini,,,July2023
MGT00530,Honda Civic Type R Championship White 2023,,Honda,,,July2023
MGT00531,Nissan Skyline GT-R (R34) Top Secret Bayside Blue,RHD,Top Secret,,,September2023
MGT00532,McLaren Artura Vermillion Red 2023,,McLaren,,,October2023
MGT00533,Ford Puma Rally1 #19 M-Sport Ford WRT 2022 Rally Monte Carlo Winner,LHD,Ford,,,July2023
MGT00534,McLaren F1 GTR #59 1995 Le Mans 24Hr Winner,LHD,McLaren,,,September2023
MGT00535,Shelby GT500 Dragon Snake Concept Yellow,LHD,Shelby,,,July2023
MGT00536,Ford GT Holman Moody Heritage Edition,LHD,Ford,,,August2023
MGT00537,Nissan Silvia (S15) Rocket Bunny Green 2023 Shizuoka Hobby Show Exclusive,RHD,Nissan,,,May2023
MGT00538,Oracle Red Bull Racing RB18 #11 Sergio Perez 2022 Abu Dhabi Grand Prix 3rd Place,,Red Bull Racing,,,December2023
MGT00539,AlphaTauri AT03 #10 Pierre Gasly 2022 F1,,Red Bull Racing,,,December2023
MGT00540,Nissan GT-R Nismo GT3 #10 TANAX GAINER 2022 Super GT Series,LHD,Nissan,,,October2023
MGT00541,Honda NSX GT3 EVO22 #18 Tea UPGARAGE 2022 Super GT Series,LHD,Honda,,,November2023
MGT00542,Range Rover 1971 British Trans-Americas Expedition (VXC-868K),LHD,Land Rover,,,November2023
MGT00543,Tommykaira R RZ Edition Red,RHD,Tommykaira,,,October2023
MGT00544,Bentley Mulliner Bacalar Car Zero,LHD,Bentley,,,November2023
MGT00545,Nissan Silvia Top Secret (S15) Silver,RHD,Top Secret,,,September2023
MGT00546,Honda Civic Type R Rallye ed 2023 w/ Advan GT Wheel,,Honda,,,September2023
MGT00547,Lamborghini Huracán STO Verde Citrea,,Lamborghini,,,September2023
MGT00548,Chevrolet Corvette C8.R Stars & Stripes 2023,,Chevrolet,,,June2023
MGT00549,Nissan Silvia (S15) Rocket Bunny Red w/ Carbon Bonnet,,Nissan,,,August2023
MGT00550,Oracle Red Bull Racing RB18 #1 - Max Verstappen 2022 Monaco Grand Prix 3rd Place,,Red Bull Racing,,,February2024
MGT00551,Oracle Red Bull Racing RB18 #11 Sergio Perez 2022 Monaco Grand Prix Winner,,Red Bull Racing,,,February2024
MGT00552,Lamborghini Huracán GT3 EVO #19 GEAR Racing,LHD,Lamborghini,,,August2023
MGT00553,BMW M4 GT3 #31 Schubert Motorsport 2022 DTM Champion,LHD,BMW,,,September2023
MGT00554,Honda S2000 (AP2) CR Apex Blue,LHD,Honda,,,August2023
MGT00555,McLaren F1 Magnesium Silver,LHD,McLaren,,,November2023
MGT00556,RUF CTR 1987 Black,LHD,RUF,,,September2023
MGT00557,BMW Alpina B7 xDrive Alpina White,,BMW,,,August2023
MGT00558,Land Rover Defender 110 1991 Safari Rally Martini Racing Support Vehicle,LHD,Land Rover,,,October2023
MGT00559,Mercedes-Benz EQS 580 4MATIC Nautical Blue Metallic,,Mercedes-Benz,,,December2023
MGT00560,Porsche 911 1964 Irish Green,,Porsche,,,December2023
MGT00561,Lincoln Capri 1954 Premier Yellow,LHD,Lincoln,,,October2023
MGT00562,RUF CTR Anniversary Bayrisch Himmelblau,LHD,RUF,,,September2023
MGT00563,Lamborghini Aventador SVJ New Giallo Orion,,Lamborghini,,,November2023
MGT00564,Subaru Impreza WRC98 1999 Rally Tour de Corse #22,LHD,Subaru,,,December2023
MGT00565,Porsche 911 (992) GT3 Racing Yellow,,Porsche,,,December2023
MGT00566,BMW M4 Competition (G82) Toronto Red Metallic,,BMW,,,October2023
MGT00567,Lamborghini Countach LPI 800-4 Bianco Siderale,LHD,Lamborghini,,,November2023
MGT00568,Shelby GT500 Dragon Snake Concept Ford Performance Blue,LHD,Shelby,,,October2023
MGT00569,Bugatti Chiron Pur Sport White,LHD,Bugatti,,,November2023
MGT00570,Nissan Skyline GT-R (R34) V-Spec Black Pearl,RHD,Nissan,,,November2023
MGT00571,amborghini Huracán GT3 EVO #87 JLOC 2022 Super GT Series,LHD,Lamborghini,,,November2023
MGT00572,amborghini Huracán GT3 EVO #88 JLOC 2022 Super GT Series,LHD,Lamborghini,,,November2023
MGT00573,Lamborghini Sián FKP 37 Blue Aegir,LHD,Lamborghini,,,December2023
MGT00574,Audi ABT RS6-R Navarra Blue Metallic,LHD,Audi,,,January2024
MGT00575,Shelby GT500 Dragon Snake Concept Black,LHD,Shelby,,,October2023
MGT00576,LB-Super Silhouette S15 Silvia Formula Drift Japan 2022 #555 Yukio Fausto,,LB Works,,,December2023
MGT00577,LB★WORKS Nissan GT-R (R35) Gold Series,,LB Works,,LB Tokyo Store Opening / Limited to 500,August2023
MGT00578,LB★WORKS Nissan GT-R Type 2 (R35) Gold Series,,LB Works,,LB Tokyo Store Opening / Limited to 500,August2023
MGT00579,LB-Silhouette Works GT Nissan 35GT-RR Ver. 1 Gold Series,,LB Works,,LB Tokyo Store Opening / Limited to 500,August2023
MGT00580,LB-Silhouette Works GT Nissan 35GT-RR Ver. 2 Gold Series,,LB Works,,LB Tokyo Store Opening / Limited to 500,August2023
MGT00581,Nissan Silvia S15 D_MAX Metallic Orange,RHD,Nissan,,,December2023
MGT00582,McLaren Artura Ice Silver,,McLaren,,,December2023
MGT00583,Tyrell P34 #3 Jody Scheckter,,Tyrell,,,February2024
MGT00584,Tyrell P34 #4 Patrick Depailler 1976 Swedish GP 2nd Place,,Tyrell,,,February2024
MGT00585,Honda Civic Type R Crystal Black Pearl 2023 w/ ADVAN GT Wheel,,Honda,,,February2024
MGT00586,Bugatti Centodieci Blu Bugatti,LHD,Bugatti,,,February2024
MGT00587,LB★WORKS Lamborghini Aventador Limited Edition Yellow 2023 HK ToyCar Salon Exclusive,RHD,LB Works,,,September2023
MGT00588,Lamborghini Sián FKP 37 Matte Viola SE30 HK Exclusive,LHD,Lamborghini,,,September2023
MGT00589,Nissan Skyline GT-R Top Secret VR32 Metallic Blue,RHD,Top Secret,,,January2024
MGT00590,Land Rover Defender 110 1985 County Station Wagon Trident Green,,Land Rover,,,February2024
MGT00591,Lamborghini Urus 2022 Macau GP Official Safety Car,RHD,Lamborghini,,,April2024
MGT00592,Nissan Skyline GT-R (R32) Gr. A #23 1990 Macau Guia Race Winner,RHD,Nissan,,,June2024
MGT00593,Nissan GT-R NISMO GT3 #23 KCMG 2018 FIA World Cup Macau,,Nissan,,,December2024
MGT00594,Nissan GT-R Nismo GT500 SUPER GT Series 2021 #230 Prototype,LHD,Nissan,,Japan Exclusive,November2023
MGT00595,Nissan GT-R Nismo GT500 SUPER GT Series 2021 #23 MOTUL AUTECH GT-R,LHD,Nissan,,Japan Exclusive,November2023
MGT00596,Nissan Silvia (S15) LB-Super Silhouette Good-FIX,,Nissan,,,October2023
MGT00597,Western Star 49X Blue w/ 40' Reefer Container EVERGREEN,,Western Star,,,December2023
MGT00598,Nissan Fairlady Z Version ST 2023 Everest White,RHD,Nissan,,,June2024
MGT00599,Nissan Z Performance 2023 Everest White,LHD,Nissan,,,November2023
MGT00600,Aston Martin Valkyrie Aston Martin Racing Green,,Aston Martin,,,July2024
MGT00601,Bugatti Divo Blu Bugatti,LHD,Bugatti,,,January2024
MGT00602,Nissan Silvia (S15) Rocket Bunny Black Pearl,RHD,Nissan,,,January2024
MGT00603,Ford GT MK II #013 Rosso Alpha,LHD,Ford,,,January2024
MGT00604,Mercedes-Maybach S680 Champagne Metallic,,Mercedes-Benz,,,February2024
MGT00605,LB-Silhouette Works Lamborghini Aventador GT EVO Lime,,LB Works,,,April2024
MGT00606,Porsche 911 (992) GT3 Touring Black,,Porsche,,,February2024
MGT00607,Lamborghini Countach LPI 800-4 Nero Maia,LHD,Lamborghini,,,February2024
MGT00608,BMW M3 #3 JPS Team BMW 1987 ATCC Championship Winner,LHD,BMW,,,December2023
MGT00609,MW M3 #44 1987 Bathurst 1000 Class 2 Winner JPS Team BMW,LHD,BMW,,,November2023
MGT00610,Porsche 911 Targa 4S Shark Blue,,Porsche,,,December2023
MGT00611,Lincoln Capri 1954 Carrera Panamericana Class Winner #149,LHD,Lincoln,,,January2024
MGT00612,Porsche 911 Carrera RS 2.7 Grand Prix White,,Porsche,,,May2024
MGT00613,Ford GT Triple Yellow,,Ford,,,February2024
MGT00614,Ford GT Sunoco Blue,LHD,Ford,,,July2024
MGT00615,Shelby GT500 SE Widebody Pepper Grey Metallic,,Shelby,,,January2024
MGT00616,Nissan Skyline GT-R (R34) Tommykaira R-z Midnight Purple,,Tommykaira,,,April2024
MGT00617,Acura NSX GT3 EVO22 #93 WTR Racers dge Motorsports IMSA 2023 Daytona 24 Hr.,LHD,Acura,,,March2024
MGT00618,Nissan LB-Silhouette S15 Silvia #23 2022 Goodwood Festival of Speed,RHD,LB Works,,,February2024
MGT00619,BMW Alpina B7 xDrive Dravit Grey Metallic,,BMW,,,June2024
MGT00620,Nissan Z Performance 2023 Super GT Safety Car 2022 Super GT Series,,Nissan,,,February2024
MGT00621,Lincoln Capri 1954 NY Toy Fair Special,,Lincoln,,,September2023
MGT00622,Ford GT '64 Prototype Heritage Edition,,Ford,,,August2024
MGT00623,Lincoln Capri 1954,,Lincoln,,,June2024
MGT00624,Lancia Stratos HF Stradale Azzuro Chiaro,,Lancia,,,September2024
MGT00625,Lancia Stratos HF Stradale Verde Chiaro,,Lancia,,,March2024
MGT00626,Honda Civic Type R 2023 Honda Thanks Day Vietnam,,Honda,,,June2024
MGT00627,Ford Puma Rally #42,,Ford,,,August2024
MGT00628,Lancia Stratos HF Stradale,,Lancia,,,July2024
MGT00629,McLaren F1 Cobalt Blue,,McLaren,,,April2024
MGT00630,Porsche 911 (992) GT3 RS White with Pyro Red Accents Package,,Porsche,,,June2024
MGT00631,Lincoln Capri 1954 Arctic White / Atlantic Blue,LHD,Lincoln,,,August2024
MGT00632,Nissan Silvia (S15) Rocket Bunny Chrome Pink MINI GT give 2023 Hong Kong,,Nissan,,,December2023
MGT00633,Nissan Silvia (S15) Rocket Bunny Chrome Blue MINI GT give 2023 China,,Nissan,,,December2023
MGT00634,Nissan Silvia (S15) Rocket Bunny Chrome Orange MINI GT give 2023 USA,,Nissan,,,November2023
MGT00635,Nissan GT-R Nismo GT500 #12 Team Impul 2021 Super GT Series,,Nissan,,,April2024
MGT00636,Nissan GT-R Nismo GT500 #3 NDDP Racing with B-Max 2021 Super GT Series,,Nissan,,,March2024
MGT00637,Honda Civic Type R Boost Blue Pearl,,Honda,,,April2024
MGT00638,Lamborghini Huracán STO Nero Noctis,,Lamborghini,,,May2024
MGT00639,Lamborghini LB-Silhouette Works Aventador GT EVO Yellow,,LB Works,,,February2024
MGT00640,BMW M4 GT3 #1 Paul Miller Racing IMSA 2023 Sebring 12 hrs. GTD Winner,,BMW,,,March2024
MGT00641,BMW M4 CSL (G82) Frozen Brooklyn Grey Metallic,,BMW,,,January2024
MGT00642,Porsche 901 1963 Ivory,LHD,Porsche,,,February2024
MGT00643,Nissan Silvia (S15) Rocket Bunny Bronze Yellow,RHD,Nissan,,,March2024
MGT00644,Bugatti EB110 GT Blu Bugatti,LHD,Bugatti,,,June2024
MGT00645,Lamborghini Huracán GT3 EVO #4 2022 Macau GP Macau GT Cup 3rd Place,LHD,Lamborghini,,,May2024
MGT00646,Ford Mustang GT LB-Works White,,LB Works,,,February2024
MGT00647,BMW M4 GT3 #97 Turner Motorsport IMSA 2023 Laguna Seca GTD 2nd Place,LHD,BMW,,,April2024
MGT00648,Lancia Stratos HF 1981 Rally Monte Carlo #4CANCELLED,,Lancia,,File:MGT00648.jpg,
MGT00649,Nissan LB-Super Silhouette S15 Silvia ADVAN,RHD,LB Works,,,August2024
MGT00650,"LB-Silhouette Works GT Nissan 35GT-RR Ver.2 ""RORO""",,LB Works,,,June2024
MGT00651,"LB-Silhouette Works GT Nissan 35GT-RR Ver.1 ""BARONG""",,LB Works,,,June2024
MGT00652,"Nissan LB-Super Silhouette S15 Silvia ""Garuda""",,LB Works,,,May2024
MGT00653,Nissan Skyline Kenmeri Liberty Walk Baby Blue w/ Kato Figure,,LB Works,,Tokyo Auto Salon 2024 Exclusive,January2024
MGT00654,McLaren F1 Red,,McLaren,,,April2024
MGT00655,Nissan Skyline Kenmeri Liberty Walk Matt Black,,LB Works,,,May2024
MGT00656,Honda S2000 (AP2) CR Grand Prix White,,Honda,,,March2024
MGT00657,Lamborghini Urus Performante Rosso Mars,,Lamborghini,,,June2024
MGT00658,Range Rover Davos White,,Land Rover,,,April2024
MGT00659,Honda Civic Type R Sonic Grey Pearl 2023,,Honda,,,June2024
MGT00660,Bentley Mulliner Bacalar Christmas Edition 2023,LHD,Bentley,,,November2023
MGT00661,Bugatti Divo White,,Bugatti,,,May2024
MGT00662,Porsche 911 (992) GT3 Guards Red,,Porsche,,,February2024
MGT00663,Ford GT #66 2019 24 Hrs Le Mans LM GTE-Pro Ford Chip Ganassi Team UK,,Ford,,,August2024
MGT00664,Ford GT #67 2019 24 Hrs Le Mans LM GTE-Pro Ford Chip Ganassi Team UK,,Ford,,,August2024
MGT00665,Ford GT #68 2019 24 Hrs Le Mans LM GTE-Pro Ford Chip Ganassi Team USA,,Ford,,,August2024
MGT00666,,,,,File:MGT00666.jpg,
MGT00667,Ford GT #69 2019 24 Hrs Le Mans LM GTE-Pro Ford Chip Ganassi Team USA,,Ford,,,August2024
MGT00668,Acura ARX-06 GTP #60 Meyer Shank Racing 2023 IMSA Daytona 24 Hrs Winner,LHD,Acura,,,April2024
MGT00669,Cadillac V-Series.R #02 Cadillac Racing 2023 IMSA Daytona 24 Hrs,LHD,Cadillac,,,April2024
MGT00670,BMW M Hybrid V8 GTP #24 BMW M Team RLL 2023 IMSA Daytona 24 Hrs,LHD,BMW,,,June2024
MGT00671,Nissan Skyline GT-R Top Secret Gold Chrome w/ Carbon Fiber Hood TAS 2024,,Top Secret,,,January2024
MGT00672,Chevrolet Corvette C8.R #3 Corvette Racing 2022 IMSA Sebring 12 Hrs GTD PRO Winner,LHD,Chevrolet,,,March2024
MGT00673,Chevrolet Corvette C8.R #33 Corvette Racing 2023 WEC 1000 Miles of Sebring LMGTE AM Winner,LHD,Chevrolet,,,March2024
MGT00674,Western Star 49X w/ Racing Transporter Corvette Racing C8.R,LHD,Western Star,,,March2024
MGT00675,Porsche 911 (992) GT3 Touring Crayon,,Porsche,,,November2024
MGT00676,Nissan Skyline GT-R (R34) Top Secret Gold Japan Exclusive,RHD,Top Secret,,,May2024
MGT00677,Chevrolet Corvette Z06 2023 Arctic White,,Chevrolet,,,June2024
MGT00678,Aston Martin Valkyrie Maximum Orange,,Aston Martin,,,June2024
MGT00679,Red Bull RB16B #11 Sergio Perez 2021 Turkish Grand Prix 3rd Place,,Red Bull Racing,,,August2024
MGT00680,Red Bull RB16B #33 Max Verstappen 2021 Turkish Grand Prix 2nd Place,,Red Bull Racing,,,August2024
MGT00681,Porsche 911 (992) GT3 RS Black with Pyro Red,,Porsche,,,June2024
MGT00682,Ducati Panigale V4 S w/ Ducati Girl,,Ducati,,,October2024
MGT00683,BMW M4 CSL Alpine White,,BMW,,,September2024
MGT00684,McLaren F1 GTR 1996 Presentation,,McLaren,,,April2024
MGT00685,Acura ARX-06 GTP #10 Konica Minolta 2023 IMSA Daytona 24 Hrs,,Acura,,,July2024
MGT00686,Honda Civic Type R #1 2023 Pace Car Red,,Honda,,,August2024
MGT00687,Lamborghini Huracán GT3 EVO2 Presentation,,Lamborghini,,,July2024
MGT00688,Porsche 911 Carrera RS 2.7 Black with Red Livery,,Porsche,,,July2024
MGT00689,"Lamborghini Huracán GT3 EVO2 #87 ""Bamboo Airways Lamborghini GT3"" JLOC 2023 Super GT Series",,Lamborghini,,,June2024
MGT00690,Lamborghini Huracán GT3 EVO #88 JLOC 2023 Super GT Series,,Lamborghini,,,June2024
MGT00691,"BMW M4 GT3 #7 ""Studie BMW M4"" BMW M Team Studie x CRS 2023 Super GT Series",,BMW,,,July2024
MGT00692,Honda NSX GT3 EVO22 #18 UPGARAGE,,Honda,,,September2024
MGT00693,BMW Alpina B7 xDrive Aventurin Red,,BMW,,,May2024
MGT00694,Mercedes-Benz EQS 580 4matic Black,,Mercedes-Benz,,,May2024
MGT00695,Porsche 901 1963 Signal Red,LHD,Porsche,,,September2024
MGT00696,Shelby GT500 Dragon Snake Concept,,Shelby,,,June2024
MGT00697,Nissan Skyline GT-R (R34) Tommykaira R-z Millennium Jade,,Tommykaira,,,June2024
MGT00698,Nissan Skyline Kenmeri Liberty Walk LBWK KUMA,,LB Works,,,July2024
MGT00699,Porsche 911 (992) Carrera S Safety Car 2023 IMSA Daytona 24 Hr.,,Porsche,,,July2024
MGT00700,BMW M3 Competition Touring (G81) Toronto Red Metallic,,BMW,,,June2024
MGT00701,Audi ABT RS6-R Glacier White Metallic,,Audi,,,August2024
MGT00702,Nissan Skyline Kenmeri Liberty Walk White,,LB Works,,,June2024
MGT00703,BMW M4 CSL Black Sapphire,LHD,BMW,,,September2024
MGT00704,Bugatti EB110 GT Grigio Chiaro,,Bugatti,,,May2024
MGT00705,"Mercedes-Benz Actros w/ 40 Ft Container ""UPS Europe""",LHD,Mercedes-Benz,,,July2024
MGT00706,Porsche 911 (992) GT3 RS Weissach Package White w/ Pyro Red Wheels,,Porsche,,,
MGT00707,Porsche 901 1963 Quickblau,,Porsche,,,August2024
MGT00708,Cadillac V-Series.R #01 Cadillac Racing 2023 IMSA Daytona 24 Hrs 3rd Place,,Cadillac,,,July2024
MGT00709,BMW M Hybrid V8 #25 BMW M Team RLL 2023 IMSA Sebring 12 Hrs 2nd Place,,BMW,,,July2024
MGT00710,Hyundai i20N N Rally1 2023 Rally Monte Carlo 3rd Place #11,,Hyundai,,,June2024
MGT00711,Nissan Skyline Kenmeri Liberty Walk Baby Blue w/ Kato Figure Type II,,LB Works,,Liberty Walk Pop Up Event Exclusive April 28,April2024
MGT00712,,,,,File:MGT00712.jpg,
MGT00713,Porsche 911 GT3 R #80 GTD AO Racing 2023 IMSA Sebring 12 Hrs,,Porsche,,,October2024
MGT00714,Nissan Silvia (S15) Top Secret D1GP,,Top Secret,,,
MGT00715,Porsche 911 Carrera RS 2.7 Grand Prix White with Blue Livery,,Porsche,,,December2024
MGT00716,Cadillac V-Series.R #2 Cadillac Racing 2023 Le Mans 24 hrs 3rd Place,LHD,Cadillac,,,September2024
MGT00717,Porsche 911 1964 Slate Grey,LHD,Porsche,,,
MGT00718,"LB WORKS Nissan GT-R (R35) Type 2, Rear Wing ver 3 Salao DieCast 2024",,LB Works,,Brasil Salao DieCast Exclusive,July2024
MGT00719,"LB WORKS Nissan GT-R (R35) Type 2, Rear Wing ver 3 Salao DieCast Dinner 2024",,LB Works,,Brasil Salao DieCast Dinner Exclusive,July2024
MGT00720,Lamborghini Countach LPI 800-4 Rosso Mars,,Lamborghini,,,June2024
MGT00721,Honda Civic Type R #2 2023 Pace Car White,LHD,Honda,,,July2024
MGT00722,Nissan Z Pandem Passion Red,,Nissan,,,August2024
MGT00723,McLaren F1 GTR #33 1996 Le Mans 24Hr,,McLaren,,,November2024
MGT00724,Oracle Red Bull Racing RB19 #1 Max Verstappen 2023 F1 2023 Bahrain GP Winner,,Red Bull Racing,,,
MGT00725,Oracle Red Bull Racing RB19 #11 Sergio Perez 2023 F1 2023 Saudi Arabian  GP Winner,,Red Bull Racing,,,
MGT00726,AlphaTauri AT04 #22 Yuki Tsunoda 2023 F1 Australian GP,,Red Bull Racing,,,
MGT00727,AlphaTauri AT04 #21 Nick de Vries 2023 F1 Australian GP,,Red Bull Racing,,,
MGT00728,Alfa Romeo C43 #24 Zhou Guanyu 2023 F1 Australian GP,,Alfa Romeo,,,October2024
MGT00729,Alfa Romeo C43 #77 Valtteri Bottas 2023 F1 Australian GP,,Alfa Romeo,,,October2024
MGT00730,Nissan Skyline Kenmeri Liberty Walk Chrome Blue,,LB Works,,Hobby Expo China 2024 Exclusive,April2024
MGT00731,,,,,File:MGT00731.jpg,
MGT00732,Nissan Z LB✭NATION WORKS Serian Blue,,LB Works,,,June2024
MGT00733,Lamborghini Countach LPI 800-4 New Giallo Orion,,Lamborghini,,,June2024
MGT00734,Land Rover Defender 110 1985 County Station Wagon Russet Brown,,Land Rover,,,November2024
MGT00735,Porsche 911 Turbo S Safety Car 2023 IMSA Daytona 24 Hrs,,Porsche,,,September2024
MGT00736,Cadillac V-Series.R #311 Action Express Racing 2023 Le Mans 24 Hrs,,Cadillac,,,August2024
MGT00737,Nissan Z LB★NATION WORKS Red,LHD,LB Works,,,March2024
MGT00738,Porsche 963 #5 Porsche Penske Motorsport 2023 24 Hrs of Le Mans,,Porsche,,,
MGT00739,Porsche 963 #6 Porsche Penske Motorsport 2023 24 Hrs of Le Mans,,Porsche,,,
MGT00740,Porsche 963 #75 Porsche Penske Motorsport 2023 24 Hrs of Le Mans,,Porsche,,,
MGT00741,Mercedes-Benz Actros w/ Racing Transporter ADVAN,,Mercedes-Benz,,,September2024
MGT00742,LB-Silhouette WORKS GT Nissan 35GT-RR Ver.1 LBWK KUMA,,LB Works,,,September2024
MGT00743,Nissan LB-Super Silhouette S15 Silvia LB Kuma,,LB Works,,,December2024
MGT00744,Aston Martin Valkyrie Sunburst Yellow,,Aston Martin,,,August2024
MGT00745,Cadillac V-Series.R #31 Whelen Engineering Cadillac racing 2023 IMSA Sebring 12 Hrs Winner,,Cadillac,,,September2024
MGT00746,Lamborghini Huracán STO Viola Pasifae,,Lamborghini,,,October2024
MGT00747,Lamborghini Urus Performante Grigio Nimbus,,Lamborghini,,,September2024
MGT00748,Lamborghini Revuelto Blu Eleos,,Lamborghini,,,October2024
MGT00749,Nissan Silvia (S15) Top Secret Matte Blue w/ Red Accent,,Top Secret,,Malaysia Diecast Expo 2024 Exclusive,May2024
MGT00750,Nissan Silvia (S15) Top Secret Matte Blue w/ Gold Accent,,Top Secret,,Malaysia Diecast Expo 2024 Dinner Exclusive,May2024
MGT00751,Land Rover Defender 110 1989 Camel Trophy Amazon Team Japan,,Land Rover,,,September2024
MGT00752,Nissan Z Pandem Ikazuchi Yellow,,Nissan,,,September2024
MGT00753,Honda Civic Type R #3 2023 Pace Car Blue,,Honda,,,August2024
MGT00754,"Nissan GT-R Nismo GT3 #360 ""Runup Rivaux GT-R"" Tomei Spports 2023 Super GT Series",LHD,Nissan,,,November2024
MGT00755,Nissan Z GT500 #230 2021 Nismo Presentation,LHD,Nissan,,,November2024
MGT00756,"Nissan Z GT500 #23 ""Motul Autech Z"" Nismo 2023 Super Gt Series",LHD,Nissan,,,November2024
MGT00757,Lincoln Capri Hot Rod 1954 Purple Metallic,LHD,Lincoln,,,August2024
MGT00758,Ford Mustang Shelby GT500 Heritage Editon,,Ford,,,August2024
MGT00759,Nissan Skyline GT-R (R34) V-Spec Bayside Blue,RHD,Nissan,,,November2024
MGT00760,Nissan Skyline Kenmeri Liberty Walk Chrome Blue w/ Baby Pink Hobby Expo China 2024,,LB Works,,Hobby Expo China 2024 Dinner Exclusive,April2024
MGT00761,Honda NSX GT3 EVO AlphaTauri Yuki Tsunoda 2023 Red Bull Mormula Nurburgring,LHD,Honda,,,September2024
MGT00762,Nissan Skyline GT-R (R34) V-Spec Lightning Yellow,RHD,Nissan,,,
MGT00763,Lamborghini Huracan Sterrato Bianco Asopo,,Lamborghini,,,November2024
MGT00764,BMW M3 Competition Touring Isle of Man Green Metallic,,BMW,,,September2024
MGT00765,Nissan Z GT500 #3 “Niterra MOTUL Z” NDDP Racing 2023 Super GT Series,,Nissan,,,November2024
MGT00766,Aston Martin Valkyrie Hyper Red,LHD,Aston Martin,,,November2024
MGT00767,McLaren MCL60 #4 Lando Norris 2023 F1 2023 Japanese GP 2nd Place,LHD,McLaren,,,
MGT00768,McLaren MCL60 #81 Oscar Piastri 2023 F1 2023 Japanese GP 3rd Place,LHD,McLaren,,,
MGT00769,Toyota GR86 LB Nation White,,LB Works,,,
MGT00770,Porsche 911 GT3 R #9 GTD PRO Pfaff Motorsports IMSA 2023 Sebring 12 Hrs. Winner,,Porsche,,,November2024
MGT00771,Lancia Stratos HF Stradale Giallo Fly HR,LHD,Lancia,,,September2024
MGT00772,Lamborghini Huracán GT3 EVO2 #83 Iron Dames IMSA 2023 Daytona 24 Hrs,,Lamborghini,,,December2024
MGT00773,Mazda RX-7 LB-Super Silhouette #41 Numero Reserve,,LB Works,,,December2024
MGT00774,Lamborghini Revuelto Arancio Dac Lucido,,Lamborghini,,,
MGT00775,McLaren 750S Amaranth Red,,McLaren,,,September2024
MGT00776,BMW M3 M Performance Touring Alpine White,,BMW,,,December2024
MGT00777,McLaren 720S LB Works Black,,LB Works,,,
MGT00778,Nissan Z Pandem Seiran Blue,,Nissan,,,November2024
MGT00779,Lamborghini Huracán Sterrato Verde Gea Matt,,Lamborghini,,,December2024
MGT00780,Porsche 911 Dakar Shade Green Metallic,,Porsche,,,October2024
MGT00781,Nissan LB-Super Silhouette S15 SILVIA Auto Finesse SEMA 2023,RHD,LB Works,,,January2025
MGT00782,Nissan Z LB Nation Works LB Gold,RHD,LB Works,,,
MGT00783,McLaren 750S Spider Mantis Green,,McLaren,,,September2024
MGT00784,Lamborghini Aventador SVJ 63 Blu Aegir,,Lamborghini,,,November2024
MGT00785,Mazda RX-7 LB-Super Silhouette Liberty Walk Black,,LB Works,,,November2024
MGT00786,,,,,File:MGT00786.jpg,
MGT00787,,,,,File:MGT00787.jpg,
MGT00788,Lamborghini Huracan STA Bianco Asopo,,Lamborghini,,,
MGT00789,Lamborghini Revuelto Verde Selvans,,Lamborghini,,,
MGT00790,Toyota GR86 LB Nation LB Gold 2024 All In Tuning,,LB Works,,,September2024
MGT00791,,,,,File:MGT00791.jpg,
MGT00792,BMW 750iL Aspen Silver Metallic,,BMW,,,
MGT00793,Porsche 911 GT3 R #27 HubAuto Racing 2023 FIA GT World Cup 70th Macau Grand Prix,LHD,Porsche,,,
MGT00794,Lincoln Capri Hot Rod 1954 Lime Yellow,LHD,Lincoln,,,November2024
MGT00795,Bugatti Vision Gran Tourismo Black,LHD,Bugatti,,,
MGT00796,Nissan Skyline GT-R (R34) V-Spec Active Red,RHD,Nissan,,,
MGT00797,Nissan LB-ER34 Super Silhouette Skyline Indonesia Modification Expo 2024,RHD,LB Works,,"Limited to 1,000 pcs sold at IMX",October2024
MGT00798,Land Rover Defender 110 Red Bull LUKA (Taichung Showrun),,Land Rover,,,September2024
MGT00799,Red Bull RB16B #33 (Taichung Showrun),,Red Bull Racing,,,September2024
MGT00800,"Honda NSX GT ""Type S"" GT500 #16 (Taichung Showrun)",,Honda,,,September2024
MGT00801,Porsche 911 Carrera RS 2.7 Grand Prix White with Green Livery,,Porsche,,,January2025
MGT00802,BMW i7 eDrive50 Black Sapphire,,BMW,,,November2024
MGT00803,Lamborghini Aventador SVJ 63 Roadster Nero Aldebaran,,Lamborghini,,,December2024
MGT00804,Porsche 911 GT3 R #28 HubAuto Racing 2023 FIA GT World Cup 70th Macau Grand Prix,,Porsche,,,
MGT00805,Porsche 911 Dakar Rallye Design Package White/Gentian Blue Metallic,,Porsche,,,November2024
MGT00806,Bugatti EB110 GT Dark Red Metallic,,Bugatti,,,November2024
MGT00807,Lamborghini Huracán Sterrato Blu Aegir,,Lamborghini,,,
MGT00808,Lotus 78 #3 Gunnar Nilsson 1977 Japanese GP,,Lotus,,,
MGT00809,LB-Works x Abas Works ABARTH 595 Gara White,,LB Works,,,
MGT00810,Mazda RX-7 LB-Super Silhouette Liberty Walk,teal,LB Works,,"Essen Motor Show Exclusive Limited to 2,000 pcs",November2024
MGT00811,BMW M4 Competition (G82) Sakhir Orange,,BMW,,,
MGT00812,McLaren 750S Spider Belize Blue,,McLaren,,,November2024
MGT00813,Lamborghini Huracán GT3 EVO2 #63 Iron Lynx IMSA 2023 Daytona 24 Hrs,,Lamborghini,,,
MGT00814,McLaren 750S Orange,,McLaren,,,November2024
MGT00815,McLaren 750S Saros Grey,,McLaren,,,
MGT00816,Lamborghini SC63 #63 Iron Lynx 2024 IMSA Sebring 12 Hrs,,Lamborghini,,,
MGT00817,McLaren F1 Yquem,,McLaren,,,
MGT00818,BMW i7 xDrive60 Dravit Grey,,BMW,,,November2024
MGT00819,BMW i7 xDrive60 Mineral White,,BMW,,,
MGT00820,Toyota GR86 Larry Chen's HKS Turbocharged GR86,,Toyota,,,October2024
MGT00821,Toyota GR86 Larry Chen's HKS Turbocharged GR86 2024 LADC,,Toyota,,,October2024
MGT00822,Nissan GT-R NISMO GT3 2024 NISMO Festival Exclusive White,,Nissan,,"NISMO Festival Exclusive / Fuji Speedway, Japan",December2024
MGT00823,,,,,File:MGT00823.jpg,
MGT00824,Hyundai RN22e,,Hyundai,,Hyundai Exclusive,October2024
MGT00825,Hyundai N Vision 74,,Hyundai,,Hyundai Exclusive,October2024
MGT00826,Nissan Z LB-Nation Works Ikazuchi Yellow,,LB Works,,,
MGT00827,Porsche 911 (992) GT3 RS,,Porsche,,,
MGT00828,McLaren 720S LB Works,,LB Works,,,
MGT00829,McLaren 720S LB Works LBWK x A Bathing Ape Crossover,green camo,LB Works,,Tokyo Auto Salon 2025,January2025
MGT00830,Mazda RX-2 LB -Super Silhouette LBWK x A Bathing Ape Crossover,green camo,LB Works,,Tokyo Auto Salon 2025,January2025
MGT00831,Nissan LB-ER34 Super Silhouette SKYLINE,,LB Works,,Part of LBWK x BAPE Collaboration Set,October2024
MGT00832,Nissan Skyline Kenmeri Liberty Walk,,LB Works,,Part of LBWK x BAPE Collaboration Set,October2024
MGT00833,Nissan LB-Super Silhouette S15 SILVIA,,LB Works,,Part of LBWK x BAPE Collaboration Set,October2024
MGT00834,"Nissan GT-R R35 LB★Works Type 2, Rear Wing ver 3",,LB Works,,Part of LBWK x BAPE Collaboration Set,October2024
MGT00835,Red Bull RB16B #33 Max Verstappen 2021 Abu Dhabi,,Red Bull Racing,,,
MGT00836,Red Bull RB16B #11 Sergio Perez 2021 Azerbaijan,,Red Bull Racing,,,
MGT00837,Acura ARX-06 GTP #40 Wayne Taylor Racing 2024 IMSA Sebring 12 hrs Winner,,Acura,,,
MGT00838,Eunos Roadster V-Special,RHD,Mazda,,,
MGT00839,,,,,File:MGT00839.jpg,
MGT00840,,,,,File:MGT00840.jpg,
MGT00841,McLaren 720S LB★Works Purple,,LB Works,,,
MGT00842,Lamborghini Aventador SVJ 63 Bianco Asopo,,Lamborghini,,,
MGT00843,Nissan Skyline GT-R (R34) Super Silhouette 2024,,LB Works,,,
MGT00844,Nissan LB-ER34 Super Silhouette Skyline Black,,LB Works,,,
MGT00845,BMW M4 Competition (G82) Portimao Blue,,BMW,,,
MGT00846,Lancia Stratos HF Stradale Nero,,Lancia,,,January2025
MGT00847,LB-Works Ford Mustang LB Gold,,LB Works,,,
MGT00848,"Honda NSX-GT ""Type S"" GT500 #16",,Honda,,,
MGT00849,"Nissan Z GT500 #1 ""Marelli Impul Z"" Team Impul 2023 Super GT Series",,Nissan,,,
MGT00850,"Nissan Z GT500  #24 ""Realize"" 2023 Super GT Series",,Nissan,,,
MGT00851,ABARTH 595 LB-WORKS x Abas Works Pink,,LB Works,,,
MGT00852,Mercedes-Benz 190E 2.5-16 Evolution II Astral Silver,,Mercedes-Benz,,,
MGT00853,Porsche 911 992 GT3 RS Weissach Package White w/ Indigo Blue Wheels,,Porsche,,,
MGT00854,Chevrolet Corvette Z06 GT3.R #3 Corvette Racing by Pratt Miller Motorsports 2024 IMSA Daytona 24 Hrs,,Chevrolet,,,
MGT00855,Nissan Silvia (S15) D-MAX #70 D-MAX Racing 2023 D1 Grand Prix,,Nissan,,,
MGT00856,Land Rover Defender 110 1989 Camel Trophy Amazon Team Turkey,,Land Rover,,,January2025
MGT00857,,,,,,
MGT00858,Nissan Silvia S15 LB Super Silhouette 2024,,LB Works,,,
MGT00859,"Nissan GT-R NISMO GT3 #56 ""Realize Nissan Mechanic Challenge GT-R"" Kondo Racing 2023 Super GT Seriees",,Nissan,,,
MGT00860,"Nissan GT-R NISMO GT3 #10 ""Ponos Gainer GT-R"" Gainer 2023 Super GT Series",,Nissan,,,
MGT00861,"Nissan GT-R NISMO GT3 #11 ""Gainer Tanax GT-R"" Gainer 2023 Super GT Series",,Nissan,,,
MGT00862,,,,,File:MGT00862.jpg,
MGT00863,BMW 3.0 CSL White,,BMW,,,
MGT00864,BMW M3 Competition Touring Brooklyn Grey,,BMW,,,
MGT00865,Lamborghini Countach LPI 800-4 Viola 30th,LHD,Lamborghini,,,
MGT00866,Bugatti EB110 Super Sport Giallo Bugatti,LHD,Bugatti,,,
MGT00867,Bentley Flying Spur White Sand Verdant,,Bentley,,,
MGT00868,Nissan GT-R Nismo 2024 Nismo Stealth Grey,,Nissan,,,
MGT00869,Nissan Skyline GT-R (R32) Gunmetal W/ Matsuda Figure,RHD,Nissan,,Tsugio Matsuda Collection No. 1,January2025
MGT00870,McLaren F1 GTR #59 1995 Le Mans 24Hr Winner Post-Race Weathered,,McLaren,,,
MGT00871,Hyundai i20 N Rally1 Hybrid #11 2024 Rallye Monte Carlo Winner,,Hyundai,,,
MGT00872,Porsche 911 GT3 R #80 AO Racing 2023 IMSA VIRginia Roxy,,Porsche,,,
MGT00873,LB★Nation Toyota GR86 Baby Blue,,LB Works,,,
MGT00874,"Lincoln Capri 1954 ""Shadow Puppet"" MINI GT X Mizu Diecast",,Lincoln,,,
MGT00875,"Nissan GT-R NISMO #23 ""MOTUL AUTECH GT-R 2021"" Super GT Series Suzuka Winner w/ Matsuda Figure",,Nissan,,Tsugio Matsuda Collection No. 2,
MGT00876,Oracle Red Bull Racing RB19 #1 Max Verstappen F1 2023 Japanese Grand Prix,,Red Bull Racing,,,
MGT00877,Oracle Red Bull Racing RB19 #11 Sergio Perez F1 2023 Japanese Grand Prix,,Red Bull Racing,,,
MGT00878,Honda S2000 (AP2) American Honda Collection Hall 2024 Holiday Limited Edition,,Honda,,Limited to 500 pcs,December2024
MGT00879,Nissan Skyline GT-R (R32) Gunmetal W/ Matsuda Figure TAS 2025,,Nissan,,2025 Tokyo Auto Salon ExclusiveTsugio Matsuda Collection No. 3,January2025
MGT00880,Mazda RE-Amemiya 20B NA 3ROTAR-7 w/ Ama-san figure,,RE-Amemiya,,2025 Tokyo Auto Salon Exclusive,January2025
MGT00881,Nissan Silvia (S15) Top Secret Gold Chrome TAS 2025,,Top Secret,,"2025 Tokyo Auto Salon ExclusivePart of MGTS0013Limited to 3,000 sets",January2025
MGT00882,Nissan Skyline GT-R (R34) Top Secret Gold Chrome TAS 2025,,Top Secret,,"2025 Tokyo Auto Salon ExclusivePart of MGTS0013Limited to 3,000 sets",January2025
MGT00883,Toyota Supra (JZA80) Top Secret GT-300 Gold Chrome TAS 2025,,Top Secret,,"2025 Tokyo Auto Salon ExclusivePart of MGTS0013Limited to 3,000 sets",January2025
MGT00884,Jaguar C-X75 Blue,,Jaguar,,,
MGT00885,LB★Nation Toyota GR86 Red,,LB Works,,,
MGT00886,Lamborghini Revuelto Giallo,,Lamborghini,,,
MGT00887,Lamborghini Aventador SVJ 63 Roadster Verde Shock,,Lamborghini,,,
MGT00888,Lincoln Capri Christmas Hot Rod by Tim Sadchikov,,Lincoln,,"Limited to 9,999 pcs",November2024
MGT00889,Porsche 911 GT3 R #77 AO Racing 2024 IMSA Daytona 24 Hrs GTD Pro 2nd Place,,Porsche,,,
MGT00890,Bugatti EB110 Super Sport Blu Bugatti,,Bugatti,,,
MGT00891,Porsche 911 Dakar Ice Grey Metallic,,Porsche,,,
MGT00892,Chevrolet Corvette Z06 2023 Elkhart Lake Blue Metallic,,Chevrolet,,,
MGT00893,Range Rover 1971 International Hill Rally Winner,,Land Rover,,,Q22025
MGT00894,BMW 750iL Sorrento Blue Metallic,,BMW,,,Q32025
MGT00895,Nissan LB-Super Silhouette S15 SILVIA #555 2023 Formula Drift Japan,,Nissan,,,
MGT00896,BMW M3 M Performance Touring Daytona Violet,,BMW,,,
MGT00897,BMW M3 M Performance Touring Mint Green,,BMW,,,Q32025
MGT00898,Ford Mustang GT3 #64 Ford Multimatic Motorsports 2024 IMSA Daytona 24 Hrs,,Ford,,,
MGT00899,"Volkswagen ID.Buzz Prototype ""Rainbow""",,Volkswagen,,,
MGT00900,"Aston Martin DB5 ""Goldfinger""",,Aston Martin,,,
MGT00901,"Aston Martin DB5 ""Thunderball""",,Aston Martin,,,
MGT00902,"BMW 750 iL ""Tomorrow Never Dies""",,BMW,,,
MGT00903,"Jaguar C-X75 ""Spectre""",,Jaguar,,,
MGT00904,,,,,File:MGT00904.jpg,
MGT00905,,,,,File:MGT00905.jpg,
MGT00906,,,,,File:MGT00906.jpg,
MGT00907,,,,,File:MGT00907.jpg,
MGT00908,,,,,File:MGT00908.jpg,
MGT00909,,,,,File:MGT00909.jpg,
MGT00910,,,,,File:MGT00910.jpg,
MGT00911,,,,,File:MGT00911.jpg,
MGT00912,,,,,File:MGT00912.jpg,
MGT00913,,,,,File:MGT00913.jpg,
MGT00914,,,,,File:MGT00914.jpg,
MGT00915,,,,,File:MGT00915.jpg,
MGT00916,,,,,File:MGT00916.jpg,
MGT00917,,,,,File:MGT00917.jpg,
MGT00918,,,,,File:MGT00918.jpg,
MGT00919,,,,,File:MGT00919.jpg,
MGT00920,,,,,File:MGT00920.jpg,
MGT00921,,,,,File:MGT00921.jpg,
MGT00922,,,,,File:MGT00922.jpg,
MGT00923,,,,,File:MGT00923.jpg,
MGT00924,,,,,File:MGT00924.jpg,
MGT00925,,,,,File:MGT00925.jpg,
MGT00926,,,,,File:MGT00926.jpg,
MGT00927,,,,,File:MGT00927.jpg,
MGT00928,,,,,File:MGT00928.jpg,
MGT00929,,,,,File:MGT00929.jpg,
MGT00930,,,,,File:MGT00930.jpg,
MGT00931,,,,,File:MGT00931.jpg,
MGT00932,,,,,File:MGT00932.jpg,
MGT00933,,,,,File:MGT00933.jpg,
MGT00934,,,,,File:MGT00934.jpg,
MGT00935,,,,,File:MGT00935.jpg,
MGT00936,,,,,File:MGT00936.jpg,
MGT00937,,,,,File:MGT00937.jpg,
MGT00938,,,,,File:MGT00938.jpg,
MGT00939,,,,,File:MGT00939.jpg,
MGT00940,,,,,File:MGT00940.jpg,
MGT00941,,,,,File:MGT00941.jpg,
MGT00942,,,,,File:MGT00942.jpg,
MGT00943,,,,,File:MGT00943.jpg,
MGT00944,,,,,File:MGT00944.jpg,
MGT00945,,,,,File:MGT00945.jpg,
MGT00946,,,,,File:MGT00946.jpg,
MGT00947,,,,,File:MGT00947.jpg,
MGT00948,,,,,File:MGT00948.jpg,
MGT00949,,,,,File:MGT00949.jpg,
MGT00950,,,,,File:MGT00950.jpg,
MGT00951,Toyota GR Supra KUHL 2021 D1GP Evangelion Racing,,Toyota,,Japan Exclusive,Q32025
MGT00952,BMW i7 xDrive60 Aventurin,,BMW,,,
MGT00953,Mazda AZ-1 Liberty Walk LB40 White 2024 Tokyo Auto Salon,,Liberty Walk,,,
MGT00954,Aston Martin DB5 Sierra Blue,,Aston Martin,,,
MGT00955,Bentley Flying Spur Yellow,,Bentley,,,
MGT00956,Toyota GR86 HKS Type R ADVAN 2022 Tokyo Auto Salon,,Toyota,,,
MGT00957,,,,,File:MGT00957.jpg,
MGT00958,,,,,File:MGT00958.jpg,
MGT00959,BMW i7 xDrive60 Alpine White / Black Sapphire,,BMW,,,Q32025
MGT00960,Jaguar C-X75 Silver,,Jaguar,,,Q22025
MGT00961,Toyota Supra (A80) Top Secret GT-300 Top Secret Gold,,Top Secret,,,Q22025
MGT00962,Maybach S680 Gold / Dark Red Metallic,,Mercedes-Benz,,,Q22025
MGT00963,LB-Works x Abas Works ABARTH 595 Red,,LB Works,,,Q22025
MGT00964,"Porsche 911 Dakar Ice Grey Metallic ""Rally 1974""",,Porsche,,,Q22025
MGT00965,,,,,File:MGT00965.jpg,
MGT00966,Lamborghini Countach LB-Works White 2024 Tokyo Auto Salon,,LB Works,,,Q32025
MGT00967,Lamborghini Huracán LB-Works ver. 2 Mad Mike NIMBUL,,LB Works,,,Q32025
MGT00968,Bugatti EB110 GT Verde Scuro,,Bugatti,,,Q32025
MGT00969,Bentley Batur Bonneville Pearl,,Bentley,,,Q32025
MGT00970,Mercedes-Benz EQS 580 4MATIC Red Metallic,,Mercedes-Benz,,,Q32025
MGT00971,Nissan Skyline GT-R (R32) Veilside Combat C-I Veilside Combat Grey,,Nissan,,,Q32025
MGT00972,Hyundai i20 N Rally1 #11 2023 Rally Croatia Power Stage Winner,,Hyundai,,,Q32025
MGT00973,McLaren 750S Spider Cirrus Grey,,McLaren,,,Q32025
MGT00974,Ford Puma Rally1 #13 M-Sport WRT 2024 Rally Monte Carlo,,Ford,,,Q32025
